-- phpMyAdmin SQL Dump
-- version 5.2.1deb2
-- https://www.phpmyadmin.net/
--
-- Host: localhost:3306
-- Generation Time: Feb 01, 2024 at 12:29 PM
-- Server version: 10.11.6-MariaDB-1
-- PHP Version: 8.2.12

SET SQL_MODE = "NO_AUTO_VALUE_ON_ZERO";
START TRANSACTION;
SET time_zone = "+00:00";


/*!40101 SET @OLD_CHARACTER_SET_CLIENT=@@CHARACTER_SET_CLIENT */;
/*!40101 SET @OLD_CHARACTER_SET_RESULTS=@@CHARACTER_SET_RESULTS */;
/*!40101 SET @OLD_COLLATION_CONNECTION=@@COLLATION_CONNECTION */;
/*!40101 SET NAMES utf8mb4 */;

--
-- Database: `enigmahack`
--
CREATE DATABASE IF NOT EXISTS `enigmahack` DEFAULT CHARACTER SET utf8mb4 COLLATE utf8mb4_general_ci;
USE `enigmahack`;

-- --------------------------------------------------------

--
-- Table structure for table `challengeTeam`
--

DROP TABLE IF EXISTS `challengeTeam`;
CREATE TABLE `challengeTeam` (
  `id` int(11) NOT NULL,
  `idTeam` int(11) NOT NULL,
  `idChallenge` int(11) NOT NULL,
  `isFinish` int(11) NOT NULL,
  `beginTime` timestamp NOT NULL,
  `endTime` timestamp NULL DEFAULT NULL
) ENGINE=InnoDB DEFAULT CHARSET=utf8mb4 COLLATE=utf8mb4_general_ci;

--
-- Dumping data for table `challengeTeam`
--

INSERT INTO `challengeTeam` (`id`, `idTeam`, `idChallenge`, `isFinish`, `beginTime`, `endTime`) VALUES
(57, 25, 1, 2, '2024-01-17 16:45:50', '2024-01-17 17:49:56'),
(58, 25, 2, 2, '2024-01-17 16:45:50', NULL),
(59, 25, 3, 2, '2024-01-17 16:45:50', NULL),
(60, 25, 4, 2, '2024-01-17 16:45:50', NULL),
(61, 25, 5, 2, '2024-01-17 16:45:50', NULL),
(62, 25, 6, 2, '2024-01-17 16:45:50', NULL),
(63, 25, 7, 2, '2024-01-17 16:45:50', NULL),
(64, 25, 8, 2, '2024-01-17 16:45:50', NULL),
(65, 25, 9, 2, '2024-01-17 16:45:50', NULL),
(66, 25, 10, 2, '2024-01-17 16:45:50', NULL),
(67, 26, 1, 1, '2024-01-17 19:00:59', '2024-01-18 10:26:09'),
(68, 26, 2, 1, '2024-01-17 19:00:59', '2024-01-18 10:45:25'),
(69, 26, 3, 1, '2024-01-17 19:00:59', '2024-01-18 13:47:09'),
(70, 26, 4, 1, '2024-01-17 19:00:59', '2024-01-18 13:47:16'),
(71, 26, 5, 1, '2024-01-17 19:00:59', '2024-01-18 13:50:55'),
(72, 26, 6, 1, '2024-01-17 19:00:59', '2024-01-18 13:55:58'),
(73, 26, 7, 1, '2024-01-17 19:00:59', '2024-01-18 14:36:38'),
(74, 26, 8, 1, '2024-01-17 19:00:59', '2024-01-18 14:36:53'),
(75, 26, 9, 1, '2024-01-17 19:00:59', '2024-01-18 17:06:25'),
(76, 26, 10, 2, '2024-01-17 19:00:59', NULL),
(77, 42, 1, 1, '2024-01-18 17:35:13', '2024-01-18 17:41:19'),
(78, 42, 2, 1, '2024-01-18 17:35:13', '2024-01-18 17:48:33'),
(79, 42, 3, 1, '2024-01-18 17:35:13', '2024-01-18 17:54:44'),
(80, 42, 4, 1, '2024-01-18 17:35:13', '2024-01-18 17:58:49'),
(81, 42, 5, 1, '2024-01-18 17:35:13', '2024-01-18 18:08:17'),
(82, 42, 6, 1, '2024-01-18 17:35:13', '2024-01-18 18:25:15'),
(83, 42, 7, 1, '2024-01-18 17:35:13', '2024-01-18 18:32:42'),
(84, 42, 8, 2, '2024-01-18 17:35:13', NULL),
(85, 42, 9, 2, '2024-01-18 17:35:13', NULL),
(86, 42, 10, 2, '2024-01-18 17:35:13', NULL),
(87, 34, 1, 1, '2024-01-18 17:35:20', '2024-01-18 17:47:05'),
(88, 34, 2, 1, '2024-01-18 17:35:20', '2024-01-18 17:48:25'),
(89, 34, 3, 1, '2024-01-18 17:35:20', '2024-01-18 18:03:09'),
(90, 34, 4, 1, '2024-01-18 17:35:20', '2024-01-18 18:06:31'),
(91, 34, 5, 1, '2024-01-18 17:35:20', '2024-01-18 18:08:44'),
(92, 34, 6, 1, '2024-01-18 17:35:20', '2024-01-18 18:24:01'),
(93, 34, 7, 1, '2024-01-18 17:35:20', '2024-01-18 18:27:15'),
(94, 34, 8, 2, '2024-01-18 17:35:20', NULL),
(95, 34, 9, 2, '2024-01-18 17:35:20', NULL),
(96, 34, 10, 2, '2024-01-18 17:35:20', NULL),
(97, 54, 1, 1, '2024-01-18 17:35:46', '2024-01-18 17:47:23'),
(98, 54, 2, 1, '2024-01-18 17:35:46', '2024-01-18 17:56:47'),
(99, 54, 3, 1, '2024-01-18 17:35:46', '2024-01-18 18:02:29'),
(100, 54, 4, 1, '2024-01-18 17:35:46', '2024-01-18 18:07:07'),
(101, 54, 5, 1, '2024-01-18 17:35:46', '2024-01-18 18:08:49'),
(102, 54, 6, 1, '2024-01-18 17:35:46', '2024-01-18 18:24:09'),
(103, 54, 7, 1, '2024-01-18 17:35:46', '2024-01-18 18:27:02'),
(104, 54, 8, 2, '2024-01-18 17:35:46', NULL),
(105, 54, 9, 2, '2024-01-18 17:35:46', NULL),
(106, 54, 10, 2, '2024-01-18 17:35:46', NULL),
(107, 55, 1, 1, '2024-01-18 17:35:58', '2024-01-18 17:46:21'),
(108, 55, 2, 1, '2024-01-18 17:35:58', '2024-01-18 17:47:00'),
(109, 55, 3, 1, '2024-01-18 17:35:58', '2024-01-18 17:59:36'),
(110, 55, 4, 1, '2024-01-18 17:35:58', '2024-01-18 18:02:09'),
(111, 55, 5, 1, '2024-01-18 17:35:58', '2024-01-18 18:08:11'),
(112, 55, 6, 1, '2024-01-18 17:35:58', '2024-01-18 18:24:01'),
(113, 55, 7, 1, '2024-01-18 17:35:58', '2024-01-18 18:27:12'),
(114, 55, 8, 2, '2024-01-18 17:35:58', NULL),
(115, 55, 9, 2, '2024-01-18 17:35:58', NULL),
(116, 55, 10, 2, '2024-01-18 17:35:58', NULL),
(117, 109, 1, 1, '2024-01-18 17:38:39', '2024-01-18 17:43:05'),
(118, 109, 2, 1, '2024-01-18 17:38:39', '2024-01-18 17:45:11'),
(119, 109, 3, 1, '2024-01-18 17:38:39', '2024-01-18 17:53:54'),
(120, 109, 4, 1, '2024-01-18 17:38:39', '2024-01-18 17:58:19'),
(121, 109, 5, 1, '2024-01-18 17:38:39', '2024-01-18 18:08:22'),
(122, 109, 6, 1, '2024-01-18 17:38:39', '2024-01-18 18:15:41'),
(123, 109, 7, 1, '2024-01-18 17:38:39', '2024-01-18 18:25:02'),
(124, 109, 8, 1, '2024-01-18 17:38:39', '2024-01-18 18:31:58'),
(125, 109, 9, 1, '2024-01-18 17:38:39', '2024-01-18 18:34:44'),
(126, 109, 10, 2, '2024-01-18 17:38:39', NULL),
(127, 78, 1, 1, '2024-01-18 17:39:44', '2024-01-18 17:48:15'),
(128, 78, 2, 1, '2024-01-18 17:39:44', '2024-01-18 17:53:02'),
(129, 78, 3, 1, '2024-01-18 17:39:44', '2024-01-18 18:01:12'),
(130, 78, 4, 1, '2024-01-18 17:39:44', '2024-01-18 18:01:51'),
(131, 78, 5, 1, '2024-01-18 17:39:44', '2024-01-18 18:08:30'),
(132, 78, 6, 1, '2024-01-18 17:39:44', '2024-01-18 18:18:56'),
(133, 78, 7, 2, '2024-01-18 17:39:44', NULL),
(134, 78, 8, 2, '2024-01-18 17:39:44', NULL),
(135, 78, 9, 2, '2024-01-18 17:39:44', NULL),
(136, 78, 10, 2, '2024-01-18 17:39:44', NULL),
(137, 149, 1, 1, '2024-01-18 17:42:31', '2024-01-18 17:54:40'),
(138, 149, 2, 1, '2024-01-18 17:42:31', '2024-01-18 17:58:31'),
(139, 149, 3, 1, '2024-01-18 17:42:31', '2024-01-18 18:03:58'),
(140, 149, 4, 1, '2024-01-18 17:42:31', '2024-01-18 18:07:20'),
(141, 149, 5, 1, '2024-01-18 17:42:31', '2024-01-18 18:08:25'),
(142, 149, 6, 1, '2024-01-18 17:42:31', '2024-01-18 18:13:31'),
(143, 149, 7, 1, '2024-01-18 17:42:31', '2024-01-18 18:29:36'),
(144, 149, 8, 1, '2024-01-18 17:42:31', '2024-01-18 18:34:37'),
(145, 149, 9, 2, '2024-01-18 17:42:31', NULL),
(146, 149, 10, 2, '2024-01-18 17:42:31', NULL),
(147, 171, 1, 1, '2024-01-18 17:58:36', '2024-01-18 18:05:41'),
(148, 171, 2, 1, '2024-01-18 17:58:36', '2024-01-18 18:13:01'),
(149, 171, 3, 1, '2024-01-18 17:58:36', '2024-01-18 18:16:15'),
(150, 171, 4, 1, '2024-01-18 17:58:36', '2024-01-18 18:18:20'),
(151, 171, 5, 1, '2024-01-18 17:58:36', '2024-01-18 18:19:28'),
(152, 171, 6, 1, '2024-01-18 17:58:36', '2024-01-18 18:24:46'),
(153, 171, 7, 1, '2024-01-18 17:58:36', '2024-01-18 18:35:41'),
(154, 171, 8, 1, '2024-01-18 17:58:36', '2024-01-18 19:51:39'),
(155, 171, 9, 1, '2024-01-18 17:58:36', '2024-01-18 19:59:07'),
(156, 171, 10, 2, '2024-01-18 17:58:36', NULL),
(157, 181, 1, 1, '2024-01-18 18:07:54', '2024-01-18 18:10:32'),
(158, 181, 2, 1, '2024-01-18 18:07:54', '2024-01-18 18:13:22'),
(159, 181, 3, 1, '2024-01-18 18:07:54', '2024-01-18 18:19:03'),
(160, 181, 4, 1, '2024-01-18 18:07:54', '2024-01-18 18:19:21'),
(161, 181, 5, 1, '2024-01-18 18:07:54', '2024-01-18 18:27:55'),
(162, 181, 6, 2, '2024-01-18 18:07:54', NULL),
(163, 181, 7, 2, '2024-01-18 18:07:54', NULL),
(164, 181, 8, 2, '2024-01-18 18:07:54', NULL),
(165, 181, 9, 2, '2024-01-18 18:07:54', NULL),
(166, 181, 10, 2, '2024-01-18 18:07:54', NULL),
(167, 187, 1, 1, '2024-01-18 18:22:14', '2024-01-18 18:22:27'),
(168, 187, 2, 1, '2024-01-18 18:22:14', '2024-01-18 18:23:04'),
(169, 187, 3, 1, '2024-01-18 18:22:14', '2024-01-18 18:29:24'),
(170, 187, 4, 1, '2024-01-18 18:22:14', '2024-01-18 18:29:51'),
(171, 187, 5, 1, '2024-01-18 18:22:14', '2024-01-18 18:29:59'),
(172, 187, 6, 1, '2024-01-18 18:22:14', '2024-01-18 18:30:45'),
(173, 187, 7, 1, '2024-01-18 18:22:14', '2024-01-18 18:31:31'),
(174, 187, 8, 1, '2024-01-18 18:22:14', '2024-01-18 18:32:02'),
(175, 187, 9, 2, '2024-01-18 18:22:14', NULL),
(176, 187, 10, 2, '2024-01-18 18:22:14', NULL),
(177, 188, 1, 1, '2024-01-18 18:43:51', '2024-01-18 18:48:11'),
(178, 188, 2, 1, '2024-01-18 18:43:51', '2024-01-18 18:50:28'),
(179, 188, 3, 1, '2024-01-18 18:43:51', '2024-01-18 18:53:57'),
(180, 188, 4, 1, '2024-01-18 18:43:51', '2024-01-18 18:54:50'),
(181, 188, 5, 1, '2024-01-18 18:43:51', '2024-01-18 19:01:51'),
(182, 188, 6, 1, '2024-01-18 18:43:51', '2024-01-18 19:07:08'),
(183, 188, 7, 1, '2024-01-18 18:43:51', '2024-01-18 19:12:36'),
(184, 188, 8, 1, '2024-01-18 18:43:51', '2024-01-18 19:22:29'),
(185, 188, 9, 1, '2024-01-18 18:43:51', '2024-01-18 19:25:50'),
(186, 188, 10, 2, '2024-01-18 18:43:51', NULL),
(187, 191, 1, 1, '2024-01-18 18:44:02', '2024-01-18 18:50:34'),
(188, 191, 2, 1, '2024-01-18 18:44:02', '2024-01-18 18:55:04'),
(189, 191, 3, 1, '2024-01-18 18:44:02', '2024-01-18 18:58:20'),
(190, 191, 4, 1, '2024-01-18 18:44:02', '2024-01-18 18:59:36'),
(191, 191, 5, 1, '2024-01-18 18:44:02', '2024-01-18 19:01:28'),
(192, 191, 6, 1, '2024-01-18 18:44:02', '2024-01-18 19:06:07'),
(193, 191, 7, 1, '2024-01-18 18:44:02', '2024-01-18 19:10:10'),
(194, 191, 8, 1, '2024-01-18 18:44:02', '2024-01-18 19:17:20'),
(195, 191, 9, 1, '2024-01-18 18:44:02', '2024-01-18 19:20:26'),
(196, 191, 10, 2, '2024-01-18 18:44:02', NULL),
(197, 200, 1, 1, '2024-01-18 18:44:29', '2024-01-18 18:49:51'),
(198, 200, 2, 1, '2024-01-18 18:44:29', '2024-01-18 18:52:42'),
(199, 200, 3, 1, '2024-01-18 18:44:29', '2024-01-18 18:59:32'),
(200, 200, 4, 1, '2024-01-18 18:44:29', '2024-01-18 19:02:05'),
(201, 200, 5, 1, '2024-01-18 18:44:29', '2024-01-18 19:06:20'),
(202, 200, 6, 1, '2024-01-18 18:44:29', '2024-01-18 19:10:14'),
(203, 200, 7, 1, '2024-01-18 18:44:29', '2024-01-18 19:17:47'),
(204, 200, 8, 1, '2024-01-18 18:44:29', '2024-01-18 19:23:24'),
(205, 200, 9, 1, '2024-01-18 18:44:29', '2024-01-18 19:28:46'),
(206, 200, 10, 2, '2024-01-18 18:44:29', NULL),
(207, 202, 1, 1, '2024-01-18 18:44:32', '2024-01-18 18:46:37'),
(208, 202, 2, 1, '2024-01-18 18:44:32', '2024-01-18 18:49:03'),
(209, 202, 3, 1, '2024-01-18 18:44:32', '2024-01-18 18:54:49'),
(210, 202, 4, 1, '2024-01-18 18:44:32', '2024-01-18 18:56:24'),
(211, 202, 5, 1, '2024-01-18 18:44:32', '2024-01-18 19:03:45'),
(212, 202, 6, 1, '2024-01-18 18:44:32', '2024-01-18 19:08:59'),
(213, 202, 7, 1, '2024-01-18 18:44:32', '2024-01-18 19:17:28'),
(214, 202, 8, 1, '2024-01-18 18:44:32', '2024-01-18 19:22:47'),
(215, 202, 9, 1, '2024-01-18 18:44:32', '2024-01-18 19:24:32'),
(216, 202, 10, 2, '2024-01-18 18:44:32', NULL),
(217, 203, 1, 1, '2024-01-18 18:44:55', '2024-01-18 18:55:16'),
(218, 203, 2, 1, '2024-01-18 18:44:55', '2024-01-18 18:57:20'),
(219, 203, 3, 1, '2024-01-18 18:44:55', '2024-01-18 19:02:37'),
(220, 203, 4, 1, '2024-01-18 18:44:55', '2024-01-18 19:05:26'),
(221, 203, 5, 1, '2024-01-18 18:44:55', '2024-01-18 19:17:59'),
(222, 203, 6, 1, '2024-01-18 18:44:55', '2024-01-18 19:23:25'),
(223, 203, 7, 2, '2024-01-18 18:44:55', NULL),
(224, 203, 8, 2, '2024-01-18 18:44:55', NULL),
(225, 203, 9, 2, '2024-01-18 18:44:55', NULL),
(226, 203, 10, 2, '2024-01-18 18:44:55', NULL),
(227, 214, 1, 1, '2024-01-18 18:45:59', '2024-01-18 18:50:23'),
(228, 214, 2, 1, '2024-01-18 18:45:59', '2024-01-18 18:53:08'),
(229, 214, 3, 1, '2024-01-18 18:45:59', '2024-01-18 18:59:10'),
(230, 214, 4, 1, '2024-01-18 18:45:59', '2024-01-18 19:02:08'),
(231, 214, 5, 1, '2024-01-18 18:45:59', '2024-01-18 19:10:28'),
(232, 214, 6, 1, '2024-01-18 18:45:59', '2024-01-18 19:14:56'),
(233, 214, 7, 1, '2024-01-18 18:45:59', '2024-01-18 19:29:20'),
(234, 214, 8, 1, '2024-01-18 18:45:59', '2024-01-18 19:33:21'),
(235, 214, 9, 1, '2024-01-18 18:45:59', '2024-01-18 19:34:10'),
(236, 214, 10, 2, '2024-01-18 18:45:59', NULL),
(237, 216, 1, 1, '2024-01-18 18:48:51', '2024-01-18 18:51:38'),
(238, 216, 2, 1, '2024-01-18 18:48:51', '2024-01-18 18:54:35'),
(239, 216, 3, 1, '2024-01-18 18:48:51', '2024-01-18 18:58:13'),
(240, 216, 4, 1, '2024-01-18 18:48:51', '2024-01-18 19:00:20'),
(241, 216, 5, 1, '2024-01-18 18:48:51', '2024-01-18 19:12:35'),
(242, 216, 6, 1, '2024-01-18 18:48:51', '2024-01-18 19:18:09'),
(243, 216, 7, 1, '2024-01-18 18:48:51', '2024-01-18 19:23:23'),
(244, 216, 8, 1, '2024-01-18 18:48:51', '2024-01-18 19:29:01'),
(245, 216, 9, 1, '2024-01-18 18:48:51', '2024-01-18 19:32:08'),
(246, 216, 10, 2, '2024-01-18 18:48:51', NULL),
(247, 227, 1, 1, '2024-01-18 19:46:39', '2024-01-18 19:48:45'),
(248, 227, 2, 1, '2024-01-18 19:46:39', '2024-01-18 19:51:29'),
(249, 227, 3, 1, '2024-01-18 19:46:39', '2024-01-18 19:54:05'),
(250, 227, 4, 1, '2024-01-18 19:46:39', '2024-01-18 19:54:38'),
(251, 227, 5, 1, '2024-01-18 19:46:39', '2024-01-18 19:57:39'),
(252, 227, 6, 1, '2024-01-18 19:46:39', '2024-01-18 20:01:47'),
(253, 227, 7, 1, '2024-01-18 19:46:39', '2024-01-18 20:06:06'),
(254, 227, 8, 1, '2024-01-18 19:46:39', '2024-01-18 20:10:47'),
(255, 227, 9, 1, '2024-01-18 19:46:39', '2024-01-18 20:12:42'),
(256, 227, 10, 2, '2024-01-18 19:46:39', NULL),
(257, 229, 1, 1, '2024-01-18 19:46:49', '2024-01-18 19:47:57'),
(258, 229, 2, 1, '2024-01-18 19:46:49', '2024-01-18 19:49:31'),
(259, 229, 3, 1, '2024-01-18 19:46:49', '2024-01-18 19:52:02'),
(260, 229, 4, 1, '2024-01-18 19:46:49', '2024-01-18 19:52:58'),
(261, 229, 5, 1, '2024-01-18 19:46:49', '2024-01-18 20:05:59'),
(262, 229, 6, 1, '2024-01-18 19:46:49', '2024-01-18 20:10:31'),
(263, 229, 7, 1, '2024-01-18 19:46:49', '2024-01-18 20:13:40'),
(264, 229, 8, 2, '2024-01-18 19:46:49', NULL),
(265, 229, 9, 2, '2024-01-18 19:46:49', NULL),
(266, 229, 10, 2, '2024-01-18 19:46:49', NULL),
(267, 221, 1, 1, '2024-01-18 19:47:00', '2024-01-18 19:50:17'),
(268, 221, 2, 1, '2024-01-18 19:47:00', '2024-01-18 19:51:06'),
(269, 221, 3, 1, '2024-01-18 19:47:00', '2024-01-18 19:53:24'),
(270, 221, 4, 1, '2024-01-18 19:47:00', '2024-01-18 19:55:44'),
(271, 221, 5, 1, '2024-01-18 19:47:00', '2024-01-18 20:00:37'),
(272, 221, 6, 1, '2024-01-18 19:47:00', '2024-01-18 20:04:07'),
(273, 221, 7, 1, '2024-01-18 19:47:00', '2024-01-18 20:07:23'),
(274, 221, 8, 1, '2024-01-18 19:47:00', '2024-01-18 20:09:40'),
(275, 221, 9, 1, '2024-01-18 19:47:00', '2024-01-18 20:11:52'),
(276, 221, 10, 2, '2024-01-18 19:47:00', NULL),
(277, 219, 1, 1, '2024-01-18 19:47:17', '2024-01-18 19:49:37'),
(278, 219, 2, 1, '2024-01-18 19:47:17', '2024-01-18 19:51:56'),
(279, 219, 3, 1, '2024-01-18 19:47:17', '2024-01-18 19:55:30'),
(280, 219, 4, 1, '2024-01-18 19:47:17', '2024-01-18 19:56:53'),
(281, 219, 5, 1, '2024-01-18 19:47:17', '2024-01-18 20:02:54'),
(282, 219, 6, 1, '2024-01-18 19:47:17', '2024-01-18 20:06:47'),
(283, 219, 7, 2, '2024-01-18 19:47:17', NULL),
(284, 219, 8, 2, '2024-01-18 19:47:17', NULL),
(285, 219, 9, 2, '2024-01-18 19:47:17', NULL),
(286, 219, 10, 2, '2024-01-18 19:47:17', NULL),
(287, 258, 1, 1, '2024-01-18 19:48:02', '2024-01-18 19:49:52'),
(288, 258, 2, 1, '2024-01-18 19:48:02', '2024-01-18 19:51:56'),
(289, 258, 3, 1, '2024-01-18 19:48:02', '2024-01-18 19:55:31'),
(290, 258, 4, 1, '2024-01-18 19:48:02', '2024-01-18 19:56:27'),
(291, 258, 5, 1, '2024-01-18 19:48:02', '2024-01-18 19:59:33'),
(292, 258, 6, 1, '2024-01-18 19:48:02', '2024-01-18 20:02:30'),
(293, 258, 7, 1, '2024-01-18 19:48:02', '2024-01-18 20:06:01'),
(294, 258, 8, 1, '2024-01-18 19:48:02', '2024-01-18 20:09:04'),
(295, 258, 9, 1, '2024-01-18 19:48:02', '2024-01-18 20:11:09'),
(296, 258, 10, 2, '2024-01-18 19:48:02', NULL),
(297, 273, 1, 1, '2024-01-18 19:48:50', '2024-01-18 19:50:43'),
(298, 273, 2, 1, '2024-01-18 19:48:50', '2024-01-18 19:52:35'),
(299, 273, 3, 1, '2024-01-18 19:48:50', '2024-01-18 19:55:45'),
(300, 273, 4, 1, '2024-01-18 19:48:50', '2024-01-18 19:58:24'),
(301, 273, 5, 1, '2024-01-18 19:48:50', '2024-01-18 20:03:30'),
(302, 273, 6, 1, '2024-01-18 19:48:50', '2024-01-18 20:08:55'),
(303, 273, 7, 1, '2024-01-18 19:48:50', '2024-01-18 20:14:31'),
(304, 273, 8, 2, '2024-01-18 19:48:50', NULL),
(305, 273, 9, 2, '2024-01-18 19:48:50', NULL),
(306, 273, 10, 2, '2024-01-18 19:48:50', NULL);

-- --------------------------------------------------------

--
-- Table structure for table `hint`
--

DROP TABLE IF EXISTS `hint`;
CREATE TABLE `hint` (
  `id` int(11) NOT NULL,
  `idChallenge` int(11) NOT NULL,
  `formation` varchar(10) NOT NULL,
  `hint` varchar(1000) NOT NULL,
  `challengeName` varchar(150) NOT NULL
) ENGINE=InnoDB DEFAULT CHARSET=utf8mb4 COLLATE=utf8mb4_general_ci;

--
-- Dumping data for table `hint`
--

INSERT INTO `hint` (`id`, `idChallenge`, `formation`, `hint`, `challengeName`) VALUES
(27, 1, 'College', 'dCode (3)', 'Salade Cesar (fwuo x)'),
(28, 3, 'College', 'steghide extract -sf locked.jpg', 'terminal'),
(29, 2, 'College', 'script', 'code source'),
(30, 4, 'College', 'flag.txt', 'locked.jpeg'),
(31, 5, 'College', 'demandé', 'radio'),
(32, 6, 'College', 'memory', './compile'),
(33, 7, 'College', 'Eviter d\'etre pendu', './pendu.sh'),
(34, 8, 'College', 'Corrige les mail', 'Physhing'),
(35, 9, 'College', 'rebu', 'Secret');

-- --------------------------------------------------------

--
-- Table structure for table `team`
--

DROP TABLE IF EXISTS `team`;
CREATE TABLE `team` (
  `id` int(11) NOT NULL,
  `formation` varchar(10) NOT NULL,
  `teamName` varchar(100) NOT NULL,
  `pwdHash` varchar(500) NOT NULL
) ENGINE=InnoDB DEFAULT CHARSET=utf8mb4 COLLATE=utf8mb4_general_ci;

--
-- Dumping data for table `team`
--

INSERT INTO `team` (`id`, `formation`, `teamName`, `pwdHash`) VALUES
(3, 'admin', 'lukas', 'f017527470dbbe0e6f3bcfd12ef43ad4add4e04f9d0e7db76331799620fd2ec6'),
(26, 'College', 'zeubi1', 'f017527470dbbe0e6f3bcfd12ef43ad4add4e04f9d0e7db76331799620fd2ec6'),
(31, 'College', 'Styvex.973', '8fba57cffabe74ab4bd604e07842b30ba762078d7b76506965248e53a78ed383'),
(34, 'College', 'striker', 'a0ae38057f146f85ea795b224cd57b8ca6066eeaf7ec9ac5909e6786f99b4f2a'),
(42, 'College', 'h15 ', 'bd28085518ffd746e00d2e2b19d9c8b471865915474d1e0943f31749dfb2dc1a'),
(54, 'College', 'dayou', '36ecda8ae9b6660cdff8036e2197593a30d63716cae6ff61796712c3a99223ac'),
(55, 'College', 'Les Tigresses', '3f504a42a294a60cbdb3b2b90fcdbdf408e33209b4163f930bdf04ed0e3d08b5'),
(78, 'College', 'KAPALANI', '6154bbd792d80cc7f5069449158ef02b3bf3b5ef1f397e8b7c668d0616b8cb30'),
(85, 'College ', 'EQUIPE  fortnit', '87b8a5b95842f4977ccfb56044b48126ba4797fdcf818f4bc2858e72683367e5'),
(109, 'College', 'Styve', '8d346d124f8f1e985531fec8adf7d88dfbec25d1345414121534b47d296428ce'),
(138, 'College ', 'EQUIPEfortnite', '7155ea7c7acfbe01bf792cfdf6d7aa7d84ea732e8c900947e5fa5d4b4489b9f7'),
(141, 'College ', 'fortnite', '7155ea7c7acfbe01bf792cfdf6d7aa7d84ea732e8c900947e5fa5d4b4489b9f7'),
(143, 'College ', 'fortnit', '2d161f34f3dba7b2bc6d061e7d31767f838e960f06ed74638140b31793e47dad'),
(149, 'College', 'stars', 'fe659b8a0c25bf536a61dc4c6a4b52bc1515d127e674783f82d6d2cd7d93176f'),
(171, 'College', 'thebest', '704c32fbb79091b74ae8e349e4e28e7e101df862b3e1cd755887ee9a96b68232'),
(181, 'College', 'boss', 'f017527470dbbe0e6f3bcfd12ef43ad4add4e04f9d0e7db76331799620fd2ec6'),
(187, 'College', 'toto55', 'f017527470dbbe0e6f3bcfd12ef43ad4add4e04f9d0e7db76331799620fd2ec6'),
(188, 'College', 's.s', 'b56f567223fb807eb40084b6cc1571077a028e592aad3f6f4221e7d7a0d03841'),
(191, 'Collège', 'Piwii', '2ba8f4e1da04ba983f7a263816fd5b63df61889cb878999f00db33c998b4a319'),
(198, 'College', 'MA DAGZ', 'c8760539903485a5923aa96eccbfbaae66668d9e0569800635fdf4d9f4046dee'),
(199, 'College', 'Rayva', '6efbb95b1f79012973946842351ab35ed75270e21d49af55137f132a956734ce'),
(200, 'Collège', 'pa watch', '19d027465722136518f20bde8f813dbbb1871434066a9446a832417360229aae'),
(202, 'College', 'MADAGZ', 'c8760539903485a5923aa96eccbfbaae66668d9e0569800635fdf4d9f4046dee'),
(203, 'College', 'daryl', '421bdff692e2296a6a3c71ddb1047e21402b3090f181c8fde20cfe0cfbf9f7c4'),
(209, 'College', 'gabriela Janine', '6d9454f31ac01e233de97ca125f86c9e8eb594d9a6e0a2f81c04a407dbfd1f5d'),
(214, 'College', 'Rayva1', '6efbb95b1f79012973946842351ab35ed75270e21d49af55137f132a956734ce'),
(216, 'College', 'gabrielaJanine', '2230268cbc50b833cbb424c3d8713a6ca44bb56eca0da925593665e1708048b9'),
(219, 'College', 'odetaunette', '5898d9b0d5498efe8e13fcdfc7c06c249f2f54513c60f6bbfd90229440e48f81'),
(221, 'College', 'The Best', '704c32fbb79091b74ae8e349e4e28e7e101df862b3e1cd755887ee9a96b68232'),
(227, 'College', 'poulet', '704c32fbb79091b74ae8e349e4e28e7e101df862b3e1cd755887ee9a96b68232'),
(229, 'College', 'lasmariposas', '8b8be1f48cdf76c3d46ab7d3848dd6edcb1bf34d5f287861a0c69ad3f8039bb8'),
(256, 'College ', 'FranceMaya', '12525aed2529eb58ed41eafbb4abb5c96bddd77361e6880e54d23a3a346d0b97'),
(258, 'College', 'tii_kalayXhamah', '1ee1b594401c4296f84f621327b8849b4bffda99cda42b4a091e6adc67371508'),
(273, 'College', 'FranceMaya1', 'f017527470dbbe0e6f3bcfd12ef43ad4add4e04f9d0e7db76331799620fd2ec6');

-- --------------------------------------------------------

--
-- Table structure for table `verifyChallenge`
--

DROP TABLE IF EXISTS `verifyChallenge`;
CREATE TABLE `verifyChallenge` (
  `id` int(11) NOT NULL,
  `idChallenge` int(11) NOT NULL,
  `flagHash` varchar(500) NOT NULL
) ENGINE=InnoDB DEFAULT CHARSET=utf8mb4 COLLATE=utf8mb4_general_ci;

--
-- Dumping data for table `verifyChallenge`
--

INSERT INTO `verifyChallenge` (`id`, `idChallenge`, `flagHash`) VALUES
(16, 2, 'c8346b780d01fb342fb79f4d8970132495129b4e4d06a6ecf146f1b43fb720b1'),
(20, 1, '5117a8a78f02ecea25a563c4e5633baf2ae864e5e6bf43dea283b6e577f3f31d'),
(30, 4, 'ef0ba8a5aeb0a8bcbf5ee700c1972ca60a78b5d875b78fa2e97106bc2ed1ceee'),
(31, 5, '4929a645df1c6bf09e3c36ef4ee9774f41e50dc2e4a2871d15c1824f89fc1444'),
(37, 9, '936d690eff6d6c4a6bbc3372f0c6ac6aa535c34d51914e4d0f7c397d033409c0'),
(40, 3, '3e90b8e9a8d4d772a08b61bdd06d170e9686b0e5fdae009c96632f3c7b6049ec'),
(41, 6, 'e9bbc3a36c7632fdd058bf2fd75a325a39f6cdfb093c5af17a2846fab06520ef'),
(43, 7, '0986532041ec22216a6298712c7692f1ada1a82f912a09bec75ea73f57718b4b'),
(44, 8, '7882bd59d71a163f8923668103677de575d2d4a5e920908233e946251300090f');

--
-- Indexes for dumped tables
--

--
-- Indexes for table `challengeTeam`
--
ALTER TABLE `challengeTeam`
  ADD PRIMARY KEY (`id`);

--
-- Indexes for table `hint`
--
ALTER TABLE `hint`
  ADD PRIMARY KEY (`id`);

--
-- Indexes for table `team`
--
ALTER TABLE `team`
  ADD PRIMARY KEY (`id`),
  ADD UNIQUE KEY `teamName` (`teamName`);

--
-- Indexes for table `verifyChallenge`
--
ALTER TABLE `verifyChallenge`
  ADD PRIMARY KEY (`id`);

--
-- AUTO_INCREMENT for dumped tables
--

--
-- AUTO_INCREMENT for table `challengeTeam`
--
ALTER TABLE `challengeTeam`
  MODIFY `id` int(11) NOT NULL AUTO_INCREMENT, AUTO_INCREMENT=307;

--
-- AUTO_INCREMENT for table `hint`
--
ALTER TABLE `hint`
  MODIFY `id` int(11) NOT NULL AUTO_INCREMENT, AUTO_INCREMENT=36;

--
-- AUTO_INCREMENT for table `team`
--
ALTER TABLE `team`
  MODIFY `id` int(11) NOT NULL AUTO_INCREMENT, AUTO_INCREMENT=276;

--
-- AUTO_INCREMENT for table `verifyChallenge`
--
ALTER TABLE `verifyChallenge`
  MODIFY `id` int(11) NOT NULL AUTO_INCREMENT, AUTO_INCREMENT=45;
COMMIT;

/*!40101 SET CHARACTER_SET_CLIENT=@OLD_CHARACTER_SET_CLIENT */;
/*!40101 SET CHARACTER_SET_RESULTS=@OLD_CHARACTER_SET_RESULTS */;
/*!40101 SET COLLATION_CONNECTION=@OLD_COLLATION_CONNECTION */;
