-- phpMyAdmin SQL Dump
-- version 5.2.1
-- https://www.phpmyadmin.net/
--
-- Host: localhost
-- Generation Time: Mar 12, 2024 at 12:50 PM
-- Server version: 10.11.6-MariaDB-2
-- PHP Version: 8.2.12

SET SQL_MODE = "NO_AUTO_VALUE_ON_ZERO";
START TRANSACTION;
SET time_zone = "+00:00";


/*!40101 SET @OLD_CHARACTER_SET_CLIENT=@@CHARACTER_SET_CLIENT */;
/*!40101 SET @OLD_CHARACTER_SET_RESULTS=@@CHARACTER_SET_RESULTS */;
/*!40101 SET @OLD_COLLATION_CONNECTION=@@COLLATION_CONNECTION */;
/*!40101 SET NAMES utf8mb4 */;

--
-- Database: `enigmahack`
--
CREATE DATABASE IF NOT EXISTS `enigmahack` DEFAULT CHARACTER SET utf8mb4 COLLATE utf8mb4_general_ci;
USE `enigmahack`;

-- --------------------------------------------------------

--
-- Table structure for table `challengeTeam`
--

CREATE TABLE IF NOT EXISTS `challengeTeam` (
  `id` int(11) NOT NULL AUTO_INCREMENT,
  `idTeam` int(11) NOT NULL,
  `idChallenge` int(11) NOT NULL,
  `isFinish` int(11) NOT NULL,
  `beginTime` timestamp NOT NULL,
  `endTime` timestamp NULL DEFAULT NULL,
  PRIMARY KEY (`id`)
) ENGINE=InnoDB AUTO_INCREMENT=1579 DEFAULT CHARSET=utf8mb4 COLLATE=utf8mb4_general_ci;

--
-- Dumping data for table `challengeTeam`
--

INSERT INTO `challengeTeam` (`id`, `idTeam`, `idChallenge`, `isFinish`, `beginTime`, `endTime`) VALUES
(57, 25, 1, 2, '2024-01-17 16:45:50', '2024-01-17 17:49:56'),
(58, 25, 2, 2, '2024-01-17 16:45:50', NULL),
(59, 25, 3, 2, '2024-01-17 16:45:50', NULL),
(60, 25, 4, 2, '2024-01-17 16:45:50', NULL),
(61, 25, 5, 2, '2024-01-17 16:45:50', NULL),
(62, 25, 6, 2, '2024-01-17 16:45:50', NULL),
(63, 25, 7, 2, '2024-01-17 16:45:50', NULL),
(64, 25, 8, 2, '2024-01-17 16:45:50', NULL),
(65, 25, 9, 2, '2024-01-17 16:45:50', NULL),
(66, 25, 10, 2, '2024-01-17 16:45:50', NULL),
(67, 26, 1, 1, '2024-01-17 19:00:59', '2024-01-18 10:26:09'),
(68, 26, 2, 1, '2024-01-17 19:00:59', '2024-01-18 10:45:25'),
(69, 26, 3, 1, '2024-01-17 19:00:59', '2024-01-18 13:47:09'),
(70, 26, 4, 1, '2024-01-17 19:00:59', '2024-01-18 13:47:16'),
(71, 26, 5, 1, '2024-01-17 19:00:59', '2024-01-18 13:50:55'),
(72, 26, 6, 1, '2024-01-17 19:00:59', '2024-01-18 13:55:58'),
(73, 26, 7, 1, '2024-01-17 19:00:59', '2024-01-18 14:36:38'),
(74, 26, 8, 1, '2024-01-17 19:00:59', '2024-01-18 14:36:53'),
(75, 26, 9, 1, '2024-01-17 19:00:59', '2024-01-18 17:06:25'),
(76, 26, 10, 2, '2024-01-17 19:00:59', NULL),
(77, 42, 1, 1, '2024-01-18 17:35:13', '2024-01-18 17:41:19'),
(78, 42, 2, 1, '2024-01-18 17:35:13', '2024-01-18 17:48:33'),
(79, 42, 3, 1, '2024-01-18 17:35:13', '2024-01-18 17:54:44'),
(80, 42, 4, 1, '2024-01-18 17:35:13', '2024-01-18 17:58:49'),
(81, 42, 5, 1, '2024-01-18 17:35:13', '2024-01-18 18:08:17'),
(82, 42, 6, 1, '2024-01-18 17:35:13', '2024-01-18 18:25:15'),
(83, 42, 7, 1, '2024-01-18 17:35:13', '2024-01-18 18:32:42'),
(84, 42, 8, 2, '2024-01-18 17:35:13', NULL),
(85, 42, 9, 2, '2024-01-18 17:35:13', NULL),
(86, 42, 10, 2, '2024-01-18 17:35:13', NULL),
(87, 34, 1, 1, '2024-01-18 17:35:20', '2024-01-18 17:47:05'),
(88, 34, 2, 1, '2024-01-18 17:35:20', '2024-01-18 17:48:25'),
(89, 34, 3, 1, '2024-01-18 17:35:20', '2024-01-18 18:03:09'),
(90, 34, 4, 1, '2024-01-18 17:35:20', '2024-01-18 18:06:31'),
(91, 34, 5, 1, '2024-01-18 17:35:20', '2024-01-18 18:08:44'),
(92, 34, 6, 1, '2024-01-18 17:35:20', '2024-01-18 18:24:01'),
(93, 34, 7, 1, '2024-01-18 17:35:20', '2024-01-18 18:27:15'),
(94, 34, 8, 2, '2024-01-18 17:35:20', NULL),
(95, 34, 9, 2, '2024-01-18 17:35:20', NULL),
(96, 34, 10, 2, '2024-01-18 17:35:20', NULL),
(97, 54, 1, 1, '2024-01-18 17:35:46', '2024-01-18 17:47:23'),
(98, 54, 2, 1, '2024-01-18 17:35:46', '2024-01-18 17:56:47'),
(99, 54, 3, 1, '2024-01-18 17:35:46', '2024-01-18 18:02:29'),
(100, 54, 4, 1, '2024-01-18 17:35:46', '2024-01-18 18:07:07'),
(101, 54, 5, 1, '2024-01-18 17:35:46', '2024-01-18 18:08:49'),
(102, 54, 6, 1, '2024-01-18 17:35:46', '2024-01-18 18:24:09'),
(103, 54, 7, 1, '2024-01-18 17:35:46', '2024-01-18 18:27:02'),
(104, 54, 8, 2, '2024-01-18 17:35:46', NULL),
(105, 54, 9, 2, '2024-01-18 17:35:46', NULL),
(106, 54, 10, 2, '2024-01-18 17:35:46', NULL),
(107, 55, 1, 1, '2024-01-18 17:35:58', '2024-01-18 17:46:21'),
(108, 55, 2, 1, '2024-01-18 17:35:58', '2024-01-18 17:47:00'),
(109, 55, 3, 1, '2024-01-18 17:35:58', '2024-01-18 17:59:36'),
(110, 55, 4, 1, '2024-01-18 17:35:58', '2024-01-18 18:02:09'),
(111, 55, 5, 1, '2024-01-18 17:35:58', '2024-01-18 18:08:11'),
(112, 55, 6, 1, '2024-01-18 17:35:58', '2024-01-18 18:24:01'),
(113, 55, 7, 1, '2024-01-18 17:35:58', '2024-01-18 18:27:12'),
(114, 55, 8, 2, '2024-01-18 17:35:58', NULL),
(115, 55, 9, 2, '2024-01-18 17:35:58', NULL),
(116, 55, 10, 2, '2024-01-18 17:35:58', NULL),
(117, 109, 1, 1, '2024-01-18 17:38:39', '2024-01-18 17:43:05'),
(118, 109, 2, 1, '2024-01-18 17:38:39', '2024-01-18 17:45:11'),
(119, 109, 3, 1, '2024-01-18 17:38:39', '2024-01-18 17:53:54'),
(120, 109, 4, 1, '2024-01-18 17:38:39', '2024-01-18 17:58:19'),
(121, 109, 5, 1, '2024-01-18 17:38:39', '2024-01-18 18:08:22'),
(122, 109, 6, 1, '2024-01-18 17:38:39', '2024-01-18 18:15:41'),
(123, 109, 7, 1, '2024-01-18 17:38:39', '2024-01-18 18:25:02'),
(124, 109, 8, 1, '2024-01-18 17:38:39', '2024-01-18 18:31:58'),
(125, 109, 9, 1, '2024-01-18 17:38:39', '2024-01-18 18:34:44'),
(126, 109, 10, 2, '2024-01-18 17:38:39', NULL),
(127, 78, 1, 1, '2024-01-18 17:39:44', '2024-01-18 17:48:15'),
(128, 78, 2, 1, '2024-01-18 17:39:44', '2024-01-18 17:53:02'),
(129, 78, 3, 1, '2024-01-18 17:39:44', '2024-01-18 18:01:12'),
(130, 78, 4, 1, '2024-01-18 17:39:44', '2024-01-18 18:01:51'),
(131, 78, 5, 1, '2024-01-18 17:39:44', '2024-01-18 18:08:30'),
(132, 78, 6, 1, '2024-01-18 17:39:44', '2024-01-18 18:18:56'),
(133, 78, 7, 2, '2024-01-18 17:39:44', NULL),
(134, 78, 8, 2, '2024-01-18 17:39:44', NULL),
(135, 78, 9, 2, '2024-01-18 17:39:44', NULL),
(136, 78, 10, 2, '2024-01-18 17:39:44', NULL),
(137, 149, 1, 1, '2024-01-18 17:42:31', '2024-01-18 17:54:40'),
(138, 149, 2, 1, '2024-01-18 17:42:31', '2024-01-18 17:58:31'),
(139, 149, 3, 1, '2024-01-18 17:42:31', '2024-01-18 18:03:58'),
(140, 149, 4, 1, '2024-01-18 17:42:31', '2024-01-18 18:07:20'),
(141, 149, 5, 1, '2024-01-18 17:42:31', '2024-01-18 18:08:25'),
(142, 149, 6, 1, '2024-01-18 17:42:31', '2024-01-18 18:13:31'),
(143, 149, 7, 1, '2024-01-18 17:42:31', '2024-01-18 18:29:36'),
(144, 149, 8, 1, '2024-01-18 17:42:31', '2024-01-18 18:34:37'),
(145, 149, 9, 2, '2024-01-18 17:42:31', NULL),
(146, 149, 10, 2, '2024-01-18 17:42:31', NULL),
(147, 171, 1, 1, '2024-01-18 17:58:36', '2024-01-18 18:05:41'),
(148, 171, 2, 1, '2024-01-18 17:58:36', '2024-01-18 18:13:01'),
(149, 171, 3, 1, '2024-01-18 17:58:36', '2024-01-18 18:16:15'),
(150, 171, 4, 1, '2024-01-18 17:58:36', '2024-01-18 18:18:20'),
(151, 171, 5, 1, '2024-01-18 17:58:36', '2024-01-18 18:19:28'),
(152, 171, 6, 1, '2024-01-18 17:58:36', '2024-01-18 18:24:46'),
(153, 171, 7, 1, '2024-01-18 17:58:36', '2024-01-18 18:35:41'),
(154, 171, 8, 1, '2024-01-18 17:58:36', '2024-01-18 19:51:39'),
(155, 171, 9, 1, '2024-01-18 17:58:36', '2024-01-18 19:59:07'),
(156, 171, 10, 2, '2024-01-18 17:58:36', NULL),
(157, 181, 1, 1, '2024-01-18 18:07:54', '2024-01-18 18:10:32'),
(158, 181, 2, 1, '2024-01-18 18:07:54', '2024-01-18 18:13:22'),
(159, 181, 3, 1, '2024-01-18 18:07:54', '2024-01-18 18:19:03'),
(160, 181, 4, 1, '2024-01-18 18:07:54', '2024-01-18 18:19:21'),
(161, 181, 5, 1, '2024-01-18 18:07:54', '2024-01-18 18:27:55'),
(162, 181, 6, 2, '2024-01-18 18:07:54', NULL),
(163, 181, 7, 2, '2024-01-18 18:07:54', NULL),
(164, 181, 8, 2, '2024-01-18 18:07:54', NULL),
(165, 181, 9, 2, '2024-01-18 18:07:54', NULL),
(166, 181, 10, 2, '2024-01-18 18:07:54', NULL),
(167, 187, 1, 1, '2024-01-18 18:22:14', '2024-01-18 18:22:27'),
(168, 187, 2, 1, '2024-01-18 18:22:14', '2024-01-18 18:23:04'),
(169, 187, 3, 1, '2024-01-18 18:22:14', '2024-01-18 18:29:24'),
(170, 187, 4, 1, '2024-01-18 18:22:14', '2024-01-18 18:29:51'),
(171, 187, 5, 1, '2024-01-18 18:22:14', '2024-01-18 18:29:59'),
(172, 187, 6, 1, '2024-01-18 18:22:14', '2024-01-18 18:30:45'),
(173, 187, 7, 1, '2024-01-18 18:22:14', '2024-01-18 18:31:31'),
(174, 187, 8, 1, '2024-01-18 18:22:14', '2024-01-18 18:32:02'),
(175, 187, 9, 2, '2024-01-18 18:22:14', NULL),
(176, 187, 10, 2, '2024-01-18 18:22:14', NULL),
(177, 188, 1, 1, '2024-01-18 18:43:51', '2024-01-18 18:48:11'),
(178, 188, 2, 1, '2024-01-18 18:43:51', '2024-01-18 18:50:28'),
(179, 188, 3, 1, '2024-01-18 18:43:51', '2024-01-18 18:53:57'),
(180, 188, 4, 1, '2024-01-18 18:43:51', '2024-01-18 18:54:50'),
(181, 188, 5, 1, '2024-01-18 18:43:51', '2024-01-18 19:01:51'),
(182, 188, 6, 1, '2024-01-18 18:43:51', '2024-01-18 19:07:08'),
(183, 188, 7, 1, '2024-01-18 18:43:51', '2024-01-18 19:12:36'),
(184, 188, 8, 1, '2024-01-18 18:43:51', '2024-01-18 19:22:29'),
(185, 188, 9, 1, '2024-01-18 18:43:51', '2024-01-18 19:25:50'),
(186, 188, 10, 2, '2024-01-18 18:43:51', NULL),
(187, 191, 1, 1, '2024-01-18 18:44:02', '2024-01-18 18:50:34'),
(188, 191, 2, 1, '2024-01-18 18:44:02', '2024-01-18 18:55:04'),
(189, 191, 3, 1, '2024-01-18 18:44:02', '2024-01-18 18:58:20'),
(190, 191, 4, 1, '2024-01-18 18:44:02', '2024-01-18 18:59:36'),
(191, 191, 5, 1, '2024-01-18 18:44:02', '2024-01-18 19:01:28'),
(192, 191, 6, 1, '2024-01-18 18:44:02', '2024-01-18 19:06:07'),
(193, 191, 7, 1, '2024-01-18 18:44:02', '2024-01-18 19:10:10'),
(194, 191, 8, 1, '2024-01-18 18:44:02', '2024-01-18 19:17:20'),
(195, 191, 9, 1, '2024-01-18 18:44:02', '2024-01-18 19:20:26'),
(196, 191, 10, 2, '2024-01-18 18:44:02', NULL),
(197, 200, 1, 1, '2024-01-18 18:44:29', '2024-01-18 18:49:51'),
(198, 200, 2, 1, '2024-01-18 18:44:29', '2024-01-18 18:52:42'),
(199, 200, 3, 1, '2024-01-18 18:44:29', '2024-01-18 18:59:32'),
(200, 200, 4, 1, '2024-01-18 18:44:29', '2024-01-18 19:02:05'),
(201, 200, 5, 1, '2024-01-18 18:44:29', '2024-01-18 19:06:20'),
(202, 200, 6, 1, '2024-01-18 18:44:29', '2024-01-18 19:10:14'),
(203, 200, 7, 1, '2024-01-18 18:44:29', '2024-01-18 19:17:47'),
(204, 200, 8, 1, '2024-01-18 18:44:29', '2024-01-18 19:23:24'),
(205, 200, 9, 1, '2024-01-18 18:44:29', '2024-01-18 19:28:46'),
(206, 200, 10, 2, '2024-01-18 18:44:29', NULL),
(207, 202, 1, 1, '2024-01-18 18:44:32', '2024-01-18 18:46:37'),
(208, 202, 2, 1, '2024-01-18 18:44:32', '2024-01-18 18:49:03'),
(209, 202, 3, 1, '2024-01-18 18:44:32', '2024-01-18 18:54:49'),
(210, 202, 4, 1, '2024-01-18 18:44:32', '2024-01-18 18:56:24'),
(211, 202, 5, 1, '2024-01-18 18:44:32', '2024-01-18 19:03:45'),
(212, 202, 6, 1, '2024-01-18 18:44:32', '2024-01-18 19:08:59'),
(213, 202, 7, 1, '2024-01-18 18:44:32', '2024-01-18 19:17:28'),
(214, 202, 8, 1, '2024-01-18 18:44:32', '2024-01-18 19:22:47'),
(215, 202, 9, 1, '2024-01-18 18:44:32', '2024-01-18 19:24:32'),
(216, 202, 10, 2, '2024-01-18 18:44:32', NULL),
(217, 203, 1, 1, '2024-01-18 18:44:55', '2024-01-18 18:55:16'),
(218, 203, 2, 1, '2024-01-18 18:44:55', '2024-01-18 18:57:20'),
(219, 203, 3, 1, '2024-01-18 18:44:55', '2024-01-18 19:02:37'),
(220, 203, 4, 1, '2024-01-18 18:44:55', '2024-01-18 19:05:26'),
(221, 203, 5, 1, '2024-01-18 18:44:55', '2024-01-18 19:17:59'),
(222, 203, 6, 1, '2024-01-18 18:44:55', '2024-01-18 19:23:25'),
(223, 203, 7, 2, '2024-01-18 18:44:55', NULL),
(224, 203, 8, 2, '2024-01-18 18:44:55', NULL),
(225, 203, 9, 2, '2024-01-18 18:44:55', NULL),
(226, 203, 10, 2, '2024-01-18 18:44:55', NULL),
(227, 214, 1, 1, '2024-01-18 18:45:59', '2024-01-18 18:50:23'),
(228, 214, 2, 1, '2024-01-18 18:45:59', '2024-01-18 18:53:08'),
(229, 214, 3, 1, '2024-01-18 18:45:59', '2024-01-18 18:59:10'),
(230, 214, 4, 1, '2024-01-18 18:45:59', '2024-01-18 19:02:08'),
(231, 214, 5, 1, '2024-01-18 18:45:59', '2024-01-18 19:10:28'),
(232, 214, 6, 1, '2024-01-18 18:45:59', '2024-01-18 19:14:56'),
(233, 214, 7, 1, '2024-01-18 18:45:59', '2024-01-18 19:29:20'),
(234, 214, 8, 1, '2024-01-18 18:45:59', '2024-01-18 19:33:21'),
(235, 214, 9, 1, '2024-01-18 18:45:59', '2024-01-18 19:34:10'),
(236, 214, 10, 2, '2024-01-18 18:45:59', NULL),
(237, 216, 1, 1, '2024-01-18 18:48:51', '2024-01-18 18:51:38'),
(238, 216, 2, 1, '2024-01-18 18:48:51', '2024-01-18 18:54:35'),
(239, 216, 3, 1, '2024-01-18 18:48:51', '2024-01-18 18:58:13'),
(240, 216, 4, 1, '2024-01-18 18:48:51', '2024-01-18 19:00:20'),
(241, 216, 5, 1, '2024-01-18 18:48:51', '2024-01-18 19:12:35'),
(242, 216, 6, 1, '2024-01-18 18:48:51', '2024-01-18 19:18:09'),
(243, 216, 7, 1, '2024-01-18 18:48:51', '2024-01-18 19:23:23'),
(244, 216, 8, 1, '2024-01-18 18:48:51', '2024-01-18 19:29:01'),
(245, 216, 9, 1, '2024-01-18 18:48:51', '2024-01-18 19:32:08'),
(246, 216, 10, 2, '2024-01-18 18:48:51', NULL),
(247, 227, 1, 1, '2024-01-18 19:46:39', '2024-01-18 19:48:45'),
(248, 227, 2, 1, '2024-01-18 19:46:39', '2024-01-18 19:51:29'),
(249, 227, 3, 1, '2024-01-18 19:46:39', '2024-01-18 19:54:05'),
(250, 227, 4, 1, '2024-01-18 19:46:39', '2024-01-18 19:54:38'),
(251, 227, 5, 1, '2024-01-18 19:46:39', '2024-01-18 19:57:39'),
(252, 227, 6, 1, '2024-01-18 19:46:39', '2024-01-18 20:01:47'),
(253, 227, 7, 1, '2024-01-18 19:46:39', '2024-01-18 20:06:06'),
(254, 227, 8, 1, '2024-01-18 19:46:39', '2024-01-18 20:10:47'),
(255, 227, 9, 1, '2024-01-18 19:46:39', '2024-01-18 20:12:42'),
(256, 227, 10, 2, '2024-01-18 19:46:39', NULL),
(257, 229, 1, 1, '2024-01-18 19:46:49', '2024-01-18 19:47:57'),
(258, 229, 2, 1, '2024-01-18 19:46:49', '2024-01-18 19:49:31'),
(259, 229, 3, 1, '2024-01-18 19:46:49', '2024-01-18 19:52:02'),
(260, 229, 4, 1, '2024-01-18 19:46:49', '2024-01-18 19:52:58'),
(261, 229, 5, 1, '2024-01-18 19:46:49', '2024-01-18 20:05:59'),
(262, 229, 6, 1, '2024-01-18 19:46:49', '2024-01-18 20:10:31'),
(263, 229, 7, 1, '2024-01-18 19:46:49', '2024-01-18 20:13:40'),
(264, 229, 8, 2, '2024-01-18 19:46:49', NULL),
(265, 229, 9, 2, '2024-01-18 19:46:49', NULL),
(266, 229, 10, 2, '2024-01-18 19:46:49', NULL),
(267, 221, 1, 1, '2024-01-18 19:47:00', '2024-01-18 19:50:17'),
(268, 221, 2, 1, '2024-01-18 19:47:00', '2024-01-18 19:51:06'),
(269, 221, 3, 1, '2024-01-18 19:47:00', '2024-01-18 19:53:24'),
(270, 221, 4, 1, '2024-01-18 19:47:00', '2024-01-18 19:55:44'),
(271, 221, 5, 1, '2024-01-18 19:47:00', '2024-01-18 20:00:37'),
(272, 221, 6, 1, '2024-01-18 19:47:00', '2024-01-18 20:04:07'),
(273, 221, 7, 1, '2024-01-18 19:47:00', '2024-01-18 20:07:23'),
(274, 221, 8, 1, '2024-01-18 19:47:00', '2024-01-18 20:09:40'),
(275, 221, 9, 1, '2024-01-18 19:47:00', '2024-01-18 20:11:52'),
(276, 221, 10, 2, '2024-01-18 19:47:00', NULL),
(277, 219, 1, 1, '2024-01-18 19:47:17', '2024-01-18 19:49:37'),
(278, 219, 2, 1, '2024-01-18 19:47:17', '2024-01-18 19:51:56'),
(279, 219, 3, 1, '2024-01-18 19:47:17', '2024-01-18 19:55:30'),
(280, 219, 4, 1, '2024-01-18 19:47:17', '2024-01-18 19:56:53'),
(281, 219, 5, 1, '2024-01-18 19:47:17', '2024-01-18 20:02:54'),
(282, 219, 6, 1, '2024-01-18 19:47:17', '2024-01-18 20:06:47'),
(283, 219, 7, 2, '2024-01-18 19:47:17', NULL),
(284, 219, 8, 2, '2024-01-18 19:47:17', NULL),
(285, 219, 9, 2, '2024-01-18 19:47:17', NULL),
(286, 219, 10, 2, '2024-01-18 19:47:17', NULL),
(287, 258, 1, 1, '2024-01-18 19:48:02', '2024-01-18 19:49:52'),
(288, 258, 2, 1, '2024-01-18 19:48:02', '2024-01-18 19:51:56'),
(289, 258, 3, 1, '2024-01-18 19:48:02', '2024-01-18 19:55:31'),
(290, 258, 4, 1, '2024-01-18 19:48:02', '2024-01-18 19:56:27'),
(291, 258, 5, 1, '2024-01-18 19:48:02', '2024-01-18 19:59:33'),
(292, 258, 6, 1, '2024-01-18 19:48:02', '2024-01-18 20:02:30'),
(293, 258, 7, 1, '2024-01-18 19:48:02', '2024-01-18 20:06:01'),
(294, 258, 8, 1, '2024-01-18 19:48:02', '2024-01-18 20:09:04'),
(295, 258, 9, 1, '2024-01-18 19:48:02', '2024-01-18 20:11:09'),
(296, 258, 10, 2, '2024-01-18 19:48:02', NULL),
(297, 273, 1, 1, '2024-01-18 19:48:50', '2024-01-18 19:50:43'),
(298, 273, 2, 1, '2024-01-18 19:48:50', '2024-01-18 19:52:35'),
(299, 273, 3, 1, '2024-01-18 19:48:50', '2024-01-18 19:55:45'),
(300, 273, 4, 1, '2024-01-18 19:48:50', '2024-01-18 19:58:24'),
(301, 273, 5, 1, '2024-01-18 19:48:50', '2024-01-18 20:03:30'),
(302, 273, 6, 1, '2024-01-18 19:48:50', '2024-01-18 20:08:55'),
(303, 273, 7, 1, '2024-01-18 19:48:50', '2024-01-18 20:14:31'),
(304, 273, 8, 2, '2024-01-18 19:48:50', NULL),
(305, 273, 9, 2, '2024-01-18 19:48:50', NULL),
(306, 273, 10, 2, '2024-01-18 19:48:50', NULL),
(307, 276, 1, 1, '2024-02-01 13:10:37', '2024-02-01 13:11:10'),
(308, 276, 2, 1, '2024-02-01 13:10:37', '2024-02-01 13:13:00'),
(309, 276, 3, 1, '2024-02-01 13:10:37', '2024-02-01 14:12:57'),
(310, 276, 4, 1, '2024-02-01 13:10:37', '2024-02-01 14:33:13'),
(311, 276, 5, 1, '2024-02-01 13:10:37', '2024-02-01 14:36:06'),
(312, 276, 6, 1, '2024-02-01 13:10:37', '2024-02-01 14:43:10'),
(313, 276, 7, 1, '2024-02-01 13:10:37', '2024-02-01 14:50:08'),
(314, 276, 8, 1, '2024-02-01 13:10:37', '2024-02-01 14:59:28'),
(315, 276, 9, 1, '2024-02-01 13:10:37', '2024-02-01 15:05:09'),
(316, 276, 10, 2, '2024-02-01 13:10:37', NULL),
(317, 282, 1, 1, '2024-02-01 16:31:56', '2024-02-01 16:32:55'),
(318, 282, 2, 1, '2024-02-01 16:31:56', '2024-02-01 16:33:49'),
(319, 282, 3, 1, '2024-02-01 16:31:56', '2024-02-01 16:40:31'),
(320, 282, 4, 1, '2024-02-01 16:31:56', '2024-02-01 16:41:31'),
(321, 282, 5, 1, '2024-02-01 16:31:56', '2024-02-01 16:42:19'),
(322, 282, 6, 1, '2024-02-01 16:31:56', '2024-02-01 16:44:00'),
(329, 292, 1, 2, '2024-02-01 18:14:00', NULL),
(330, 292, 2, 2, '2024-02-01 18:14:00', NULL),
(331, 292, 3, 2, '2024-02-01 18:14:00', NULL),
(332, 292, 4, 2, '2024-02-01 18:14:00', NULL),
(333, 292, 5, 2, '2024-02-01 18:14:00', NULL),
(334, 292, 6, 2, '2024-02-01 18:14:00', NULL),
(335, 292, 7, 2, '2024-02-01 18:14:00', NULL),
(336, 292, 8, 2, '2024-02-01 18:14:00', NULL),
(337, 292, 9, 2, '2024-02-01 18:14:00', NULL),
(338, 292, 10, 2, '2024-02-01 18:14:00', NULL),
(339, 293, 1, 2, '2024-02-02 11:32:29', NULL),
(340, 293, 2, 2, '2024-02-02 11:32:29', NULL),
(341, 293, 3, 2, '2024-02-02 11:32:29', NULL),
(342, 293, 4, 2, '2024-02-02 11:32:29', NULL),
(343, 293, 5, 2, '2024-02-02 11:32:29', NULL),
(344, 293, 6, 2, '2024-02-02 11:32:29', NULL),
(345, 293, 7, 2, '2024-02-02 11:32:29', NULL),
(346, 293, 8, 2, '2024-02-02 11:32:29', NULL),
(347, 293, 9, 2, '2024-02-02 11:32:29', NULL),
(348, 293, 10, 2, '2024-02-02 11:32:29', NULL),
(349, 299, 1, 1, '2024-02-02 11:40:09', '2024-02-02 11:43:36'),
(350, 299, 2, 2, '2024-02-02 11:40:09', NULL),
(351, 299, 3, 2, '2024-02-02 11:40:09', NULL),
(352, 299, 4, 2, '2024-02-02 11:40:09', NULL),
(353, 299, 5, 2, '2024-02-02 11:40:09', NULL),
(354, 299, 6, 2, '2024-02-02 11:40:09', NULL),
(355, 299, 7, 2, '2024-02-02 11:40:09', NULL),
(356, 299, 8, 2, '2024-02-02 11:40:09', NULL),
(357, 299, 9, 2, '2024-02-02 11:40:09', NULL),
(358, 299, 10, 2, '2024-02-02 11:40:09', NULL),
(359, 305, 1, 1, '2024-02-02 11:40:51', '2024-02-02 11:45:48'),
(360, 305, 2, 2, '2024-02-02 11:40:51', NULL),
(361, 305, 3, 2, '2024-02-02 11:40:51', NULL),
(362, 305, 4, 2, '2024-02-02 11:40:51', NULL),
(363, 305, 5, 2, '2024-02-02 11:40:51', NULL),
(364, 305, 6, 2, '2024-02-02 11:40:51', NULL),
(365, 305, 7, 2, '2024-02-02 11:40:51', NULL),
(366, 305, 8, 2, '2024-02-02 11:40:51', NULL),
(367, 305, 9, 2, '2024-02-02 11:40:51', NULL),
(368, 305, 10, 2, '2024-02-02 11:40:51', NULL),
(369, 314, 1, 1, '2024-02-02 11:41:05', '2024-02-02 11:45:18'),
(370, 314, 2, 2, '2024-02-02 11:41:05', NULL),
(371, 314, 3, 2, '2024-02-02 11:41:05', NULL),
(372, 314, 4, 2, '2024-02-02 11:41:05', NULL),
(373, 314, 5, 2, '2024-02-02 11:41:05', NULL),
(374, 314, 6, 2, '2024-02-02 11:41:05', NULL),
(375, 314, 7, 2, '2024-02-02 11:41:05', NULL),
(376, 314, 8, 2, '2024-02-02 11:41:05', NULL),
(377, 314, 9, 2, '2024-02-02 11:41:05', NULL),
(378, 314, 10, 2, '2024-02-02 11:41:05', NULL),
(379, 319, 1, 2, '2024-02-02 11:41:16', NULL),
(380, 319, 2, 2, '2024-02-02 11:41:16', NULL),
(381, 319, 3, 2, '2024-02-02 11:41:16', NULL),
(382, 319, 4, 2, '2024-02-02 11:41:16', NULL),
(383, 319, 5, 2, '2024-02-02 11:41:16', NULL),
(384, 319, 6, 2, '2024-02-02 11:41:16', NULL),
(385, 319, 7, 2, '2024-02-02 11:41:16', NULL),
(386, 319, 8, 2, '2024-02-02 11:41:16', NULL),
(387, 319, 9, 2, '2024-02-02 11:41:16', NULL),
(388, 319, 10, 2, '2024-02-02 11:41:16', NULL),
(389, 320, 1, 1, '2024-02-02 11:42:43', '2024-02-02 11:44:06'),
(390, 320, 2, 2, '2024-02-02 11:42:43', NULL),
(391, 320, 3, 2, '2024-02-02 11:42:43', NULL),
(392, 320, 4, 2, '2024-02-02 11:42:43', NULL),
(393, 320, 5, 2, '2024-02-02 11:42:43', NULL),
(394, 320, 6, 2, '2024-02-02 11:42:43', NULL),
(395, 320, 7, 2, '2024-02-02 11:42:43', NULL),
(396, 320, 8, 2, '2024-02-02 11:42:43', NULL),
(397, 320, 9, 2, '2024-02-02 11:42:43', NULL),
(398, 320, 10, 2, '2024-02-02 11:42:43', NULL),
(399, 338, 1, 1, '2024-02-02 11:43:24', '2024-02-02 11:49:10'),
(400, 338, 2, 2, '2024-02-02 11:43:24', NULL),
(401, 338, 3, 2, '2024-02-02 11:43:24', NULL),
(402, 338, 4, 2, '2024-02-02 11:43:24', NULL),
(403, 338, 5, 2, '2024-02-02 11:43:24', NULL),
(404, 338, 6, 2, '2024-02-02 11:43:24', NULL),
(405, 338, 7, 2, '2024-02-02 11:43:24', NULL),
(406, 338, 8, 2, '2024-02-02 11:43:24', NULL),
(407, 338, 9, 2, '2024-02-02 11:43:24', NULL),
(408, 338, 10, 2, '2024-02-02 11:43:24', NULL),
(409, 341, 1, 2, '2024-02-02 11:46:39', NULL),
(410, 341, 2, 2, '2024-02-02 11:46:39', NULL),
(411, 341, 3, 2, '2024-02-02 11:46:39', NULL),
(412, 341, 4, 2, '2024-02-02 11:46:39', NULL),
(413, 341, 5, 2, '2024-02-02 11:46:39', NULL),
(414, 341, 6, 2, '2024-02-02 11:46:39', NULL),
(415, 341, 7, 2, '2024-02-02 11:46:39', NULL),
(416, 341, 8, 2, '2024-02-02 11:46:39', NULL),
(417, 341, 9, 2, '2024-02-02 11:46:39', NULL),
(418, 341, 10, 2, '2024-02-02 11:46:39', NULL),
(419, 359, 1, 1, '2024-02-02 11:52:49', '2024-02-02 11:56:22'),
(420, 359, 2, 1, '2024-02-02 11:52:49', '2024-02-02 11:58:59'),
(421, 359, 3, 1, '2024-02-02 11:52:49', '2024-02-02 12:04:28'),
(422, 359, 4, 1, '2024-02-02 11:52:49', '2024-02-02 12:05:42'),
(423, 359, 5, 2, '2024-02-02 11:52:49', NULL),
(424, 359, 6, 2, '2024-02-02 11:52:49', NULL),
(425, 359, 7, 2, '2024-02-02 11:52:49', NULL),
(426, 359, 8, 2, '2024-02-02 11:52:49', NULL),
(427, 359, 9, 2, '2024-02-02 11:52:49', NULL),
(428, 359, 10, 2, '2024-02-02 11:52:49', NULL),
(429, 355, 1, 1, '2024-02-02 11:52:50', '2024-02-02 11:56:13'),
(430, 355, 2, 1, '2024-02-02 11:52:50', '2024-02-02 11:59:34'),
(431, 355, 3, 1, '2024-02-02 11:52:50', '2024-02-02 12:03:28'),
(432, 355, 4, 1, '2024-02-02 11:52:50', '2024-02-02 12:05:56'),
(433, 355, 5, 2, '2024-02-02 11:52:50', NULL),
(434, 355, 6, 2, '2024-02-02 11:52:50', NULL),
(435, 355, 7, 2, '2024-02-02 11:52:50', NULL),
(436, 355, 8, 2, '2024-02-02 11:52:50', NULL),
(437, 355, 9, 2, '2024-02-02 11:52:50', NULL),
(438, 355, 10, 2, '2024-02-02 11:52:50', NULL),
(439, 352, 1, 1, '2024-02-02 11:52:53', '2024-02-02 11:58:45'),
(440, 352, 2, 1, '2024-02-02 11:52:53', '2024-02-02 12:00:13'),
(441, 352, 3, 2, '2024-02-02 11:52:53', NULL),
(442, 352, 4, 2, '2024-02-02 11:52:53', NULL),
(443, 352, 5, 2, '2024-02-02 11:52:53', NULL),
(444, 352, 6, 2, '2024-02-02 11:52:53', NULL),
(445, 352, 7, 2, '2024-02-02 11:52:53', NULL),
(446, 352, 8, 2, '2024-02-02 11:52:53', NULL),
(447, 352, 9, 2, '2024-02-02 11:52:53', NULL),
(448, 352, 10, 2, '2024-02-02 11:52:53', NULL),
(449, 448, 1, 1, '2024-02-02 11:53:39', '2024-02-02 11:53:52'),
(450, 448, 2, 1, '2024-02-02 11:53:39', '2024-02-02 11:56:08'),
(451, 448, 3, 2, '2024-02-02 11:53:39', NULL),
(452, 448, 4, 2, '2024-02-02 11:53:39', NULL),
(453, 448, 5, 2, '2024-02-02 11:53:39', NULL),
(454, 448, 6, 2, '2024-02-02 11:53:39', NULL),
(455, 448, 7, 2, '2024-02-02 11:53:39', NULL),
(456, 448, 8, 2, '2024-02-02 11:53:39', NULL),
(457, 448, 9, 2, '2024-02-02 11:53:39', NULL),
(458, 448, 10, 2, '2024-02-02 11:53:39', NULL),
(459, 406, 1, 1, '2024-02-02 11:53:53', '2024-02-02 11:57:28'),
(460, 406, 2, 1, '2024-02-02 11:53:53', '2024-02-02 12:01:30'),
(461, 406, 3, 1, '2024-02-02 11:53:53', '2024-02-02 12:05:38'),
(462, 406, 4, 2, '2024-02-02 11:53:53', NULL),
(463, 406, 5, 2, '2024-02-02 11:53:53', NULL),
(464, 406, 6, 2, '2024-02-02 11:53:53', NULL),
(465, 406, 7, 2, '2024-02-02 11:53:53', NULL),
(466, 406, 8, 2, '2024-02-02 11:53:53', NULL),
(467, 406, 9, 2, '2024-02-02 11:53:53', NULL),
(468, 406, 10, 2, '2024-02-02 11:53:53', NULL),
(469, 410, 1, 1, '2024-02-02 11:53:58', '2024-02-02 11:57:24'),
(470, 410, 2, 1, '2024-02-02 11:53:58', '2024-02-02 12:00:45'),
(471, 410, 3, 1, '2024-02-02 11:53:58', '2024-02-02 12:06:14'),
(472, 410, 4, 2, '2024-02-02 11:53:58', NULL),
(473, 410, 5, 2, '2024-02-02 11:53:58', NULL),
(474, 410, 6, 2, '2024-02-02 11:53:58', NULL),
(475, 410, 7, 2, '2024-02-02 11:53:58', NULL),
(476, 410, 8, 2, '2024-02-02 11:53:58', NULL),
(477, 410, 9, 2, '2024-02-02 11:53:58', NULL),
(478, 410, 10, 2, '2024-02-02 11:53:58', NULL),
(479, 468, 1, 1, '2024-02-02 11:56:41', '2024-02-02 12:02:05'),
(480, 468, 2, 2, '2024-02-02 11:56:41', NULL),
(481, 468, 3, 2, '2024-02-02 11:56:41', NULL),
(482, 468, 4, 2, '2024-02-02 11:56:41', NULL),
(483, 468, 5, 2, '2024-02-02 11:56:41', NULL),
(484, 468, 6, 2, '2024-02-02 11:56:41', NULL),
(485, 468, 7, 2, '2024-02-02 11:56:41', NULL),
(486, 468, 8, 2, '2024-02-02 11:56:41', NULL),
(487, 468, 9, 2, '2024-02-02 11:56:41', NULL),
(488, 468, 10, 2, '2024-02-02 11:56:41', NULL),
(489, 479, 1, 1, '2024-02-02 11:58:19', '2024-02-02 12:04:33'),
(490, 479, 2, 2, '2024-02-02 11:58:19', NULL),
(491, 479, 3, 2, '2024-02-02 11:58:19', NULL),
(492, 479, 4, 2, '2024-02-02 11:58:19', NULL),
(493, 479, 5, 2, '2024-02-02 11:58:19', NULL),
(494, 479, 6, 2, '2024-02-02 11:58:19', NULL),
(495, 479, 7, 2, '2024-02-02 11:58:19', NULL),
(496, 479, 8, 2, '2024-02-02 11:58:19', NULL),
(497, 479, 9, 2, '2024-02-02 11:58:19', NULL),
(498, 479, 10, 2, '2024-02-02 11:58:19', NULL),
(499, 477, 1, 1, '2024-02-02 11:58:41', '2024-02-02 12:04:12'),
(500, 477, 2, 2, '2024-02-02 11:58:41', NULL),
(501, 477, 3, 2, '2024-02-02 11:58:41', NULL),
(502, 477, 4, 2, '2024-02-02 11:58:41', NULL),
(503, 477, 5, 2, '2024-02-02 11:58:41', NULL),
(504, 477, 6, 2, '2024-02-02 11:58:41', NULL),
(505, 477, 7, 2, '2024-02-02 11:58:41', NULL),
(506, 477, 8, 2, '2024-02-02 11:58:41', NULL),
(507, 477, 9, 2, '2024-02-02 11:58:41', NULL),
(508, 477, 10, 2, '2024-02-02 11:58:41', NULL),
(509, 483, 1, 1, '2024-02-02 12:09:48', '2024-02-02 12:14:28'),
(510, 483, 2, 1, '2024-02-02 12:09:48', '2024-02-02 12:16:10'),
(511, 483, 3, 2, '2024-02-02 12:09:48', NULL),
(512, 483, 4, 2, '2024-02-02 12:09:48', NULL),
(513, 483, 5, 2, '2024-02-02 12:09:48', NULL),
(514, 483, 6, 2, '2024-02-02 12:09:48', NULL),
(515, 483, 7, 2, '2024-02-02 12:09:48', NULL),
(516, 483, 8, 2, '2024-02-02 12:09:48', NULL),
(517, 483, 9, 2, '2024-02-02 12:09:48', NULL),
(518, 483, 10, 2, '2024-02-02 12:09:48', NULL),
(519, 484, 1, 1, '2024-02-02 12:10:12', '2024-02-02 12:17:31'),
(520, 484, 2, 1, '2024-02-02 12:10:12', '2024-02-02 12:18:01'),
(521, 484, 3, 2, '2024-02-02 12:10:12', NULL),
(522, 484, 4, 2, '2024-02-02 12:10:12', NULL),
(523, 484, 5, 2, '2024-02-02 12:10:12', NULL),
(524, 484, 6, 2, '2024-02-02 12:10:12', NULL),
(525, 484, 7, 2, '2024-02-02 12:10:12', NULL),
(526, 484, 8, 2, '2024-02-02 12:10:12', NULL),
(527, 484, 9, 2, '2024-02-02 12:10:12', NULL),
(528, 484, 10, 2, '2024-02-02 12:10:12', NULL),
(529, 493, 1, 1, '2024-02-02 12:10:43', '2024-02-02 12:13:45'),
(530, 493, 2, 1, '2024-02-02 12:10:43', '2024-02-02 12:16:59'),
(531, 493, 3, 1, '2024-02-02 12:10:43', '2024-02-02 12:22:49'),
(532, 493, 4, 1, '2024-02-02 12:10:43', '2024-02-02 12:24:14'),
(533, 493, 5, 2, '2024-02-02 12:10:43', NULL),
(534, 493, 6, 2, '2024-02-02 12:10:43', NULL),
(535, 493, 7, 2, '2024-02-02 12:10:43', NULL),
(536, 493, 8, 2, '2024-02-02 12:10:43', NULL),
(537, 493, 9, 2, '2024-02-02 12:10:43', NULL),
(538, 493, 10, 2, '2024-02-02 12:10:43', NULL),
(539, 485, 1, 1, '2024-02-02 12:10:59', '2024-02-02 12:12:40'),
(540, 485, 2, 1, '2024-02-02 12:10:59', '2024-02-02 12:14:18'),
(541, 485, 3, 1, '2024-02-02 12:10:59', '2024-02-02 12:20:47'),
(542, 485, 4, 1, '2024-02-02 12:10:59', '2024-02-02 12:22:03'),
(543, 485, 5, 2, '2024-02-02 12:10:59', NULL),
(544, 485, 6, 2, '2024-02-02 12:10:59', NULL),
(545, 485, 7, 2, '2024-02-02 12:10:59', NULL),
(546, 485, 8, 2, '2024-02-02 12:10:59', NULL),
(547, 485, 9, 2, '2024-02-02 12:10:59', NULL),
(548, 485, 10, 2, '2024-02-02 12:10:59', NULL),
(549, 509, 1, 1, '2024-02-02 12:11:14', '2024-02-02 12:15:52'),
(550, 509, 2, 2, '2024-02-02 12:11:14', NULL),
(551, 509, 3, 2, '2024-02-02 12:11:14', NULL),
(552, 509, 4, 2, '2024-02-02 12:11:14', NULL),
(553, 509, 5, 2, '2024-02-02 12:11:14', NULL),
(554, 509, 6, 2, '2024-02-02 12:11:14', NULL),
(555, 509, 7, 2, '2024-02-02 12:11:14', NULL),
(556, 509, 8, 2, '2024-02-02 12:11:14', NULL),
(557, 509, 9, 2, '2024-02-02 12:11:14', NULL),
(558, 509, 10, 2, '2024-02-02 12:11:14', NULL),
(559, 511, 1, 1, '2024-02-02 12:11:15', '2024-02-02 12:13:38'),
(560, 511, 2, 1, '2024-02-02 12:11:15', '2024-02-02 12:21:56'),
(561, 511, 3, 2, '2024-02-02 12:11:15', NULL),
(562, 511, 4, 2, '2024-02-02 12:11:15', NULL),
(563, 511, 5, 2, '2024-02-02 12:11:15', NULL),
(564, 511, 6, 2, '2024-02-02 12:11:15', NULL),
(565, 511, 7, 2, '2024-02-02 12:11:15', NULL),
(566, 511, 8, 2, '2024-02-02 12:11:15', NULL),
(567, 511, 9, 2, '2024-02-02 12:11:15', NULL),
(568, 511, 10, 2, '2024-02-02 12:11:15', NULL),
(569, 489, 1, 1, '2024-02-02 12:11:15', '2024-02-02 12:17:11'),
(570, 489, 2, 1, '2024-02-02 12:11:15', '2024-02-02 12:18:16'),
(571, 489, 3, 2, '2024-02-02 12:11:15', NULL),
(572, 489, 4, 2, '2024-02-02 12:11:15', NULL),
(573, 489, 5, 2, '2024-02-02 12:11:15', NULL),
(574, 489, 6, 2, '2024-02-02 12:11:15', NULL),
(575, 489, 7, 2, '2024-02-02 12:11:15', NULL),
(576, 489, 8, 2, '2024-02-02 12:11:15', NULL),
(577, 489, 9, 2, '2024-02-02 12:11:15', NULL),
(578, 489, 10, 2, '2024-02-02 12:11:15', NULL),
(579, 513, 1, 1, '2024-02-02 12:11:33', '2024-02-02 12:17:12'),
(580, 513, 2, 1, '2024-02-02 12:11:33', '2024-02-02 12:22:08'),
(581, 513, 3, 2, '2024-02-02 12:11:33', NULL),
(582, 513, 4, 2, '2024-02-02 12:11:33', NULL),
(583, 513, 5, 2, '2024-02-02 12:11:33', NULL),
(584, 513, 6, 2, '2024-02-02 12:11:33', NULL),
(585, 513, 7, 2, '2024-02-02 12:11:33', NULL),
(586, 513, 8, 2, '2024-02-02 12:11:33', NULL),
(587, 513, 9, 2, '2024-02-02 12:11:33', NULL),
(588, 513, 10, 2, '2024-02-02 12:11:33', NULL),
(589, 510, 1, 1, '2024-02-02 12:11:46', '2024-02-02 12:12:40'),
(590, 510, 2, 1, '2024-02-02 12:11:46', '2024-02-02 12:14:20'),
(591, 510, 3, 1, '2024-02-02 12:11:46', '2024-02-02 12:16:09'),
(592, 510, 4, 1, '2024-02-02 12:11:46', '2024-02-02 12:16:19'),
(593, 510, 5, 1, '2024-02-02 12:11:46', '2024-02-02 12:21:55'),
(594, 510, 6, 2, '2024-02-02 12:11:46', NULL),
(595, 510, 7, 2, '2024-02-02 12:11:46', NULL),
(596, 510, 8, 2, '2024-02-02 12:11:46', NULL),
(597, 510, 9, 2, '2024-02-02 12:11:46', NULL),
(598, 510, 10, 2, '2024-02-02 12:11:46', NULL),
(599, 540, 1, 1, '2024-02-02 12:25:21', '2024-02-02 12:32:06'),
(600, 540, 2, 1, '2024-02-02 12:25:21', '2024-02-02 12:36:31'),
(601, 540, 3, 1, '2024-02-02 12:25:21', '2024-02-02 12:41:18'),
(602, 540, 4, 1, '2024-02-02 12:25:21', '2024-02-02 12:42:29'),
(603, 540, 5, 2, '2024-02-02 12:25:21', NULL),
(604, 540, 6, 2, '2024-02-02 12:25:21', NULL),
(605, 540, 7, 2, '2024-02-02 12:25:21', NULL),
(606, 540, 8, 2, '2024-02-02 12:25:21', NULL),
(607, 540, 9, 2, '2024-02-02 12:25:21', NULL),
(608, 540, 10, 2, '2024-02-02 12:25:21', NULL),
(609, 543, 1, 1, '2024-02-02 12:26:24', '2024-02-02 12:31:35'),
(610, 543, 2, 1, '2024-02-02 12:26:24', '2024-02-02 12:33:42'),
(611, 543, 3, 2, '2024-02-02 12:26:24', NULL),
(612, 543, 4, 2, '2024-02-02 12:26:24', NULL),
(613, 543, 5, 2, '2024-02-02 12:26:24', NULL),
(614, 543, 6, 2, '2024-02-02 12:26:24', NULL),
(615, 543, 7, 2, '2024-02-02 12:26:24', NULL),
(616, 543, 8, 2, '2024-02-02 12:26:24', NULL),
(617, 543, 9, 2, '2024-02-02 12:26:24', NULL),
(618, 543, 10, 2, '2024-02-02 12:26:24', NULL),
(619, 544, 1, 1, '2024-02-02 12:27:33', '2024-02-02 12:30:57'),
(620, 544, 2, 1, '2024-02-02 12:27:33', '2024-02-02 12:33:37'),
(621, 544, 3, 1, '2024-02-02 12:27:33', '2024-02-02 12:37:09'),
(622, 544, 4, 1, '2024-02-02 12:27:33', '2024-02-02 12:39:26'),
(623, 544, 5, 1, '2024-02-02 12:27:34', '2024-02-02 12:45:24'),
(624, 544, 6, 2, '2024-02-02 12:27:34', NULL),
(625, 544, 7, 2, '2024-02-02 12:27:34', NULL),
(626, 544, 8, 2, '2024-02-02 12:27:34', NULL),
(627, 544, 9, 2, '2024-02-02 12:27:34', NULL),
(628, 544, 10, 2, '2024-02-02 12:27:34', NULL),
(629, 545, 1, 1, '2024-02-02 12:27:37', '2024-02-02 12:30:33'),
(630, 545, 2, 1, '2024-02-02 12:27:37', '2024-02-02 12:32:58'),
(631, 545, 3, 1, '2024-02-02 12:27:37', '2024-02-02 12:38:44'),
(632, 545, 4, 1, '2024-02-02 12:27:37', '2024-02-02 12:39:56'),
(633, 545, 5, 2, '2024-02-02 12:27:37', NULL),
(634, 545, 6, 2, '2024-02-02 12:27:37', NULL),
(635, 545, 7, 2, '2024-02-02 12:27:37', NULL),
(636, 545, 8, 2, '2024-02-02 12:27:37', NULL),
(637, 545, 9, 2, '2024-02-02 12:27:37', NULL),
(638, 545, 10, 2, '2024-02-02 12:27:37', NULL),
(639, 546, 1, 1, '2024-02-02 12:28:41', '2024-02-02 12:34:24'),
(640, 546, 2, 1, '2024-02-02 12:28:41', '2024-02-02 12:36:37'),
(641, 546, 3, 2, '2024-02-02 12:28:41', NULL),
(642, 546, 4, 2, '2024-02-02 12:28:41', NULL),
(643, 546, 5, 2, '2024-02-02 12:28:41', NULL),
(644, 546, 6, 2, '2024-02-02 12:28:41', NULL),
(645, 546, 7, 2, '2024-02-02 12:28:41', NULL),
(646, 546, 8, 2, '2024-02-02 12:28:41', NULL),
(647, 546, 9, 2, '2024-02-02 12:28:41', NULL),
(648, 546, 10, 2, '2024-02-02 12:28:41', NULL),
(649, 564, 1, 1, '2024-02-02 12:29:10', '2024-02-02 12:34:37'),
(650, 564, 2, 1, '2024-02-02 12:29:10', '2024-02-02 12:37:24'),
(651, 564, 3, 1, '2024-02-02 12:29:10', '2024-02-02 12:41:33'),
(652, 564, 4, 1, '2024-02-02 12:29:10', '2024-02-02 12:42:54'),
(653, 564, 5, 2, '2024-02-02 12:29:10', NULL),
(654, 564, 6, 2, '2024-02-02 12:29:10', NULL),
(655, 564, 7, 2, '2024-02-02 12:29:10', NULL),
(656, 564, 8, 2, '2024-02-02 12:29:10', NULL),
(657, 564, 9, 2, '2024-02-02 12:29:10', NULL),
(658, 564, 10, 2, '2024-02-02 12:29:10', NULL),
(659, 624, 1, 1, '2024-02-02 12:29:21', '2024-02-02 12:35:49'),
(660, 624, 2, 1, '2024-02-02 12:29:21', '2024-02-02 12:36:37'),
(661, 624, 3, 1, '2024-02-02 12:29:21', '2024-02-02 12:39:17'),
(662, 624, 4, 1, '2024-02-02 12:29:21', '2024-02-02 12:43:33'),
(663, 624, 5, 2, '2024-02-02 12:29:21', NULL),
(664, 624, 6, 2, '2024-02-02 12:29:21', NULL),
(665, 624, 7, 2, '2024-02-02 12:29:21', NULL),
(666, 624, 8, 2, '2024-02-02 12:29:21', NULL),
(667, 624, 9, 2, '2024-02-02 12:29:21', NULL),
(668, 624, 10, 2, '2024-02-02 12:29:21', NULL),
(669, 658, 1, 1, '2024-02-02 12:29:46', '2024-02-02 12:37:17'),
(670, 658, 2, 1, '2024-02-02 12:29:46', '2024-02-02 12:40:55'),
(671, 658, 3, 2, '2024-02-02 12:29:46', NULL),
(672, 658, 4, 2, '2024-02-02 12:29:46', NULL),
(673, 658, 5, 2, '2024-02-02 12:29:46', NULL),
(674, 658, 6, 2, '2024-02-02 12:29:46', NULL),
(675, 658, 7, 2, '2024-02-02 12:29:46', NULL),
(676, 658, 8, 2, '2024-02-02 12:29:46', NULL),
(677, 658, 9, 2, '2024-02-02 12:29:46', NULL),
(678, 658, 10, 2, '2024-02-02 12:29:46', NULL),
(679, 629, 1, 1, '2024-02-02 12:30:09', '2024-02-02 12:34:03'),
(680, 629, 2, 1, '2024-02-02 12:30:09', '2024-02-02 12:36:21'),
(681, 629, 3, 1, '2024-02-02 12:30:09', '2024-02-02 12:38:12'),
(682, 629, 4, 1, '2024-02-02 12:30:09', '2024-02-02 12:38:32'),
(683, 629, 5, 1, '2024-02-02 12:30:09', '2024-02-02 12:44:24'),
(684, 629, 6, 2, '2024-02-02 12:30:09', NULL),
(685, 629, 7, 2, '2024-02-02 12:30:09', NULL),
(686, 629, 8, 2, '2024-02-02 12:30:09', NULL),
(687, 629, 9, 2, '2024-02-02 12:30:09', NULL),
(688, 629, 10, 2, '2024-02-02 12:30:09', NULL),
(689, 674, 1, 2, '2024-02-02 12:30:43', NULL),
(690, 674, 2, 2, '2024-02-02 12:30:43', NULL),
(691, 674, 3, 2, '2024-02-02 12:30:43', NULL),
(692, 674, 4, 2, '2024-02-02 12:30:43', NULL),
(693, 674, 5, 2, '2024-02-02 12:30:43', NULL),
(694, 674, 6, 2, '2024-02-02 12:30:43', NULL),
(695, 674, 7, 2, '2024-02-02 12:30:43', NULL),
(696, 674, 8, 2, '2024-02-02 12:30:43', NULL),
(697, 674, 9, 2, '2024-02-02 12:30:43', NULL),
(698, 674, 10, 2, '2024-02-02 12:30:43', NULL),
(699, 679, 1, 1, '2024-02-02 12:34:18', '2024-02-02 12:39:52'),
(700, 679, 2, 1, '2024-02-02 12:34:18', '2024-02-02 12:41:10'),
(701, 679, 3, 2, '2024-02-02 12:34:18', NULL),
(702, 679, 4, 2, '2024-02-02 12:34:18', NULL),
(703, 679, 5, 2, '2024-02-02 12:34:18', NULL),
(704, 679, 6, 2, '2024-02-02 12:34:18', NULL),
(705, 679, 7, 2, '2024-02-02 12:34:18', NULL),
(706, 679, 8, 2, '2024-02-02 12:34:18', NULL),
(707, 679, 9, 2, '2024-02-02 12:34:18', NULL),
(708, 679, 10, 2, '2024-02-02 12:34:18', NULL),
(709, 680, 1, 2, '2024-02-02 12:46:41', NULL),
(710, 680, 2, 2, '2024-02-02 12:46:41', NULL),
(711, 680, 3, 2, '2024-02-02 12:46:41', NULL),
(712, 680, 4, 2, '2024-02-02 12:46:41', NULL),
(713, 680, 5, 2, '2024-02-02 12:46:41', NULL),
(714, 680, 6, 2, '2024-02-02 12:46:41', NULL),
(715, 680, 7, 2, '2024-02-02 12:46:41', NULL),
(716, 680, 8, 2, '2024-02-02 12:46:41', NULL),
(717, 680, 9, 2, '2024-02-02 12:46:41', NULL),
(718, 680, 10, 2, '2024-02-02 12:46:41', NULL),
(719, 705, 1, 1, '2024-02-02 12:53:52', '2024-02-02 12:57:13'),
(720, 705, 2, 1, '2024-02-02 12:53:52', '2024-02-02 12:58:19'),
(721, 705, 3, 1, '2024-02-02 12:53:52', '2024-02-02 13:01:55'),
(722, 705, 4, 1, '2024-02-02 12:53:52', '2024-02-02 13:02:26'),
(723, 705, 5, 1, '2024-02-02 12:53:52', '2024-02-02 13:02:40'),
(724, 705, 6, 1, '2024-02-02 12:53:52', '2024-02-02 13:04:43'),
(725, 705, 7, 1, '2024-02-02 12:53:52', '2024-02-02 13:06:54'),
(726, 705, 8, 1, '2024-02-02 12:53:52', '2024-02-02 13:09:44'),
(727, 705, 9, 1, '2024-02-02 12:53:52', '2024-02-02 13:12:26'),
(728, 705, 10, 2, '2024-02-02 12:53:52', NULL),
(729, 714, 1, 1, '2024-02-02 12:54:41', '2024-02-02 13:33:53'),
(730, 714, 2, 1, '2024-02-02 12:54:41', '2024-02-02 13:37:50'),
(731, 714, 3, 1, '2024-02-02 12:54:41', '2024-02-02 13:43:36'),
(732, 714, 4, 1, '2024-02-02 12:54:41', '2024-02-02 13:44:03'),
(733, 714, 5, 1, '2024-02-02 12:54:41', '2024-02-02 13:44:47'),
(734, 714, 6, 2, '2024-02-02 12:54:41', NULL),
(735, 714, 7, 2, '2024-02-02 12:54:41', NULL),
(736, 714, 8, 2, '2024-02-02 12:54:41', NULL),
(737, 714, 9, 2, '2024-02-02 12:54:41', NULL),
(738, 714, 10, 2, '2024-02-02 12:54:41', NULL),
(739, 715, 1, 1, '2024-02-02 12:56:47', '2024-02-02 13:33:00'),
(740, 715, 2, 1, '2024-02-02 12:56:47', '2024-02-02 13:34:21'),
(741, 715, 3, 1, '2024-02-02 12:56:47', '2024-02-02 13:41:05'),
(742, 715, 4, 1, '2024-02-02 12:56:47', '2024-02-02 13:43:20'),
(743, 715, 5, 2, '2024-02-02 12:56:47', NULL),
(744, 715, 6, 2, '2024-02-02 12:56:47', NULL),
(745, 715, 7, 2, '2024-02-02 12:56:47', NULL),
(746, 715, 8, 2, '2024-02-02 12:56:47', NULL),
(747, 715, 9, 2, '2024-02-02 12:56:47', NULL),
(748, 715, 10, 2, '2024-02-02 12:56:47', NULL),
(749, 717, 1, 1, '2024-02-02 13:09:37', '2024-02-02 13:33:00'),
(750, 717, 2, 1, '2024-02-02 13:09:38', '2024-02-02 13:39:16'),
(751, 717, 3, 2, '2024-02-02 13:09:38', NULL),
(752, 717, 4, 2, '2024-02-02 13:09:38', NULL),
(753, 717, 5, 2, '2024-02-02 13:09:38', NULL),
(754, 717, 6, 2, '2024-02-02 13:09:38', NULL),
(755, 717, 7, 2, '2024-02-02 13:09:38', NULL),
(756, 717, 8, 2, '2024-02-02 13:09:38', NULL),
(757, 717, 9, 2, '2024-02-02 13:09:38', NULL),
(758, 717, 10, 2, '2024-02-02 13:09:38', NULL),
(759, 718, 1, 1, '2024-02-02 13:10:16', '2024-02-02 13:34:14'),
(760, 718, 2, 1, '2024-02-02 13:10:16', '2024-02-02 13:40:13'),
(761, 718, 3, 2, '2024-02-02 13:10:16', NULL),
(762, 718, 4, 2, '2024-02-02 13:10:16', NULL),
(763, 718, 5, 2, '2024-02-02 13:10:16', NULL),
(764, 718, 6, 2, '2024-02-02 13:10:16', NULL),
(765, 718, 7, 2, '2024-02-02 13:10:16', NULL),
(766, 718, 8, 2, '2024-02-02 13:10:16', NULL),
(767, 718, 9, 2, '2024-02-02 13:10:16', NULL),
(768, 718, 10, 2, '2024-02-02 13:10:16', NULL),
(769, 720, 1, 1, '2024-02-02 13:11:19', '2024-02-02 13:34:37'),
(770, 720, 2, 1, '2024-02-02 13:11:20', '2024-02-02 13:38:04'),
(771, 720, 3, 1, '2024-02-02 13:11:20', '2024-02-02 13:41:19'),
(772, 720, 4, 1, '2024-02-02 13:11:20', '2024-02-02 13:42:38'),
(773, 720, 5, 2, '2024-02-02 13:11:20', NULL),
(774, 720, 6, 2, '2024-02-02 13:11:20', NULL),
(775, 720, 7, 2, '2024-02-02 13:11:20', NULL),
(776, 720, 8, 2, '2024-02-02 13:11:20', NULL),
(777, 720, 9, 2, '2024-02-02 13:11:20', NULL),
(778, 720, 10, 2, '2024-02-02 13:11:20', NULL),
(779, 721, 1, 1, '2024-02-02 13:11:57', '2024-02-02 13:35:04'),
(780, 721, 2, 1, '2024-02-02 13:11:57', '2024-02-02 13:39:01'),
(781, 721, 3, 2, '2024-02-02 13:11:57', NULL),
(782, 721, 4, 2, '2024-02-02 13:11:57', NULL),
(783, 721, 5, 2, '2024-02-02 13:11:57', NULL),
(784, 721, 6, 2, '2024-02-02 13:11:57', NULL),
(785, 721, 7, 2, '2024-02-02 13:11:57', NULL),
(786, 721, 8, 2, '2024-02-02 13:11:57', NULL),
(787, 721, 9, 2, '2024-02-02 13:11:57', NULL),
(788, 721, 10, 2, '2024-02-02 13:11:57', NULL),
(789, 722, 1, 1, '2024-02-02 13:13:11', '2024-02-02 13:34:56'),
(790, 722, 2, 1, '2024-02-02 13:13:11', '2024-02-02 13:39:54'),
(791, 722, 3, 1, '2024-02-02 13:13:11', '2024-02-02 13:45:01'),
(792, 722, 4, 1, '2024-02-02 13:13:11', '2024-02-02 13:45:48'),
(793, 722, 5, 2, '2024-02-02 13:13:11', NULL),
(794, 722, 6, 2, '2024-02-02 13:13:11', NULL),
(795, 722, 7, 2, '2024-02-02 13:13:11', NULL),
(796, 722, 8, 2, '2024-02-02 13:13:11', NULL),
(797, 722, 9, 2, '2024-02-02 13:13:11', NULL),
(798, 722, 10, 2, '2024-02-02 13:13:11', NULL),
(799, 725, 1, 2, '2024-02-02 13:14:13', NULL),
(800, 725, 2, 2, '2024-02-02 13:14:13', NULL),
(801, 725, 3, 2, '2024-02-02 13:14:13', NULL),
(802, 725, 4, 2, '2024-02-02 13:14:13', NULL),
(803, 725, 5, 2, '2024-02-02 13:14:13', NULL),
(804, 725, 6, 2, '2024-02-02 13:14:13', NULL),
(805, 725, 7, 2, '2024-02-02 13:14:13', NULL),
(806, 725, 8, 2, '2024-02-02 13:14:13', NULL),
(807, 725, 9, 2, '2024-02-02 13:14:13', NULL),
(808, 725, 10, 2, '2024-02-02 13:14:13', NULL),
(809, 727, 1, 1, '2024-02-02 13:15:13', '2024-02-02 13:31:29'),
(810, 727, 2, 1, '2024-02-02 13:15:13', '2024-02-02 13:32:59'),
(811, 727, 3, 1, '2024-02-02 13:15:13', '2024-02-02 13:34:07'),
(812, 727, 4, 1, '2024-02-02 13:15:13', '2024-02-02 13:36:31'),
(813, 727, 5, 1, '2024-02-02 13:15:13', '2024-02-02 13:41:02'),
(814, 727, 6, 2, '2024-02-02 13:15:13', NULL),
(815, 727, 7, 2, '2024-02-02 13:15:13', NULL),
(816, 727, 8, 2, '2024-02-02 13:15:13', NULL),
(817, 727, 9, 2, '2024-02-02 13:15:13', NULL),
(818, 727, 10, 2, '2024-02-02 13:15:13', NULL),
(819, 729, 1, 1, '2024-02-02 13:27:00', '2024-02-02 13:30:08'),
(820, 729, 2, 1, '2024-02-02 13:27:00', '2024-02-02 13:32:41'),
(821, 729, 3, 1, '2024-02-02 13:27:00', '2024-02-02 13:36:28'),
(822, 729, 4, 1, '2024-02-02 13:27:00', '2024-02-02 13:39:42'),
(823, 729, 5, 2, '2024-02-02 13:27:00', NULL),
(824, 729, 6, 2, '2024-02-02 13:27:00', NULL),
(825, 729, 7, 2, '2024-02-02 13:27:00', NULL),
(826, 729, 8, 2, '2024-02-02 13:27:00', NULL),
(827, 729, 9, 2, '2024-02-02 13:27:00', NULL),
(828, 729, 10, 2, '2024-02-02 13:27:00', NULL),
(829, 731, 1, 1, '2024-02-02 13:31:09', '2024-02-02 13:32:22'),
(830, 731, 2, 1, '2024-02-02 13:31:09', '2024-02-02 13:34:41'),
(831, 731, 3, 1, '2024-02-02 13:31:09', '2024-02-02 13:37:00'),
(832, 731, 4, 1, '2024-02-02 13:31:09', '2024-02-02 13:37:15'),
(833, 731, 5, 1, '2024-02-02 13:31:09', '2024-02-02 13:42:00'),
(834, 731, 6, 1, '2024-02-02 13:31:09', '2024-02-02 13:43:17'),
(835, 731, 7, 1, '2024-02-02 13:31:09', '2024-02-02 13:43:56'),
(836, 731, 8, 2, '2024-02-02 13:31:09', NULL),
(837, 731, 9, 2, '2024-02-02 13:31:09', NULL),
(838, 731, 10, 2, '2024-02-02 13:31:09', NULL),
(839, 732, 1, 1, '2024-02-02 13:48:26', '2024-02-02 13:55:58'),
(840, 732, 2, 1, '2024-02-02 13:48:26', '2024-02-02 13:57:55'),
(841, 732, 3, 1, '2024-02-02 13:48:26', '2024-02-02 14:03:11'),
(842, 732, 4, 1, '2024-02-02 13:48:26', '2024-02-02 14:03:52'),
(843, 732, 5, 2, '2024-02-02 13:48:26', NULL),
(844, 732, 6, 2, '2024-02-02 13:48:26', NULL),
(845, 732, 7, 2, '2024-02-02 13:48:26', NULL),
(846, 732, 8, 2, '2024-02-02 13:48:26', NULL),
(847, 732, 9, 2, '2024-02-02 13:48:26', NULL),
(848, 732, 10, 2, '2024-02-02 13:48:26', NULL),
(849, 734, 1, 1, '2024-02-02 13:49:03', '2024-02-02 13:57:20'),
(850, 734, 2, 1, '2024-02-02 13:49:03', '2024-02-02 13:58:01'),
(851, 734, 3, 1, '2024-02-02 13:49:03', '2024-02-02 14:01:35'),
(852, 734, 4, 1, '2024-02-02 13:49:03', '2024-02-02 14:02:32'),
(853, 734, 5, 2, '2024-02-02 13:49:03', NULL),
(854, 734, 6, 2, '2024-02-02 13:49:03', NULL),
(855, 734, 7, 2, '2024-02-02 13:49:03', NULL),
(856, 734, 8, 2, '2024-02-02 13:49:03', NULL),
(857, 734, 9, 2, '2024-02-02 13:49:03', NULL),
(858, 734, 10, 2, '2024-02-02 13:49:03', NULL),
(859, 735, 1, 2, '2024-02-02 13:49:10', NULL),
(860, 735, 2, 2, '2024-02-02 13:49:11', NULL),
(861, 735, 3, 2, '2024-02-02 13:49:11', NULL),
(862, 735, 4, 2, '2024-02-02 13:49:11', NULL),
(863, 735, 5, 2, '2024-02-02 13:49:11', NULL),
(864, 735, 6, 2, '2024-02-02 13:49:11', NULL),
(865, 735, 7, 2, '2024-02-02 13:49:11', NULL),
(866, 735, 8, 2, '2024-02-02 13:49:11', NULL),
(867, 735, 9, 2, '2024-02-02 13:49:11', NULL),
(868, 735, 10, 2, '2024-02-02 13:49:11', NULL),
(869, 738, 1, 1, '2024-02-02 13:50:10', '2024-02-02 13:56:10'),
(870, 738, 2, 1, '2024-02-02 13:50:10', '2024-02-02 13:57:44'),
(871, 738, 3, 1, '2024-02-02 13:50:10', '2024-02-02 14:00:49'),
(872, 738, 4, 1, '2024-02-02 13:50:10', '2024-02-02 14:02:04'),
(873, 738, 5, 2, '2024-02-02 13:50:10', NULL),
(874, 738, 6, 2, '2024-02-02 13:50:10', NULL),
(875, 738, 7, 2, '2024-02-02 13:50:10', NULL),
(876, 738, 8, 2, '2024-02-02 13:50:10', NULL),
(877, 738, 9, 2, '2024-02-02 13:50:10', NULL),
(878, 738, 10, 2, '2024-02-02 13:50:10', NULL),
(879, 739, 1, 1, '2024-02-02 13:50:45', '2024-02-02 14:29:08'),
(880, 739, 2, 1, '2024-02-02 13:50:45', '2024-02-02 14:31:15'),
(881, 739, 3, 1, '2024-02-02 13:50:45', '2024-02-02 14:32:52'),
(882, 739, 4, 1, '2024-02-02 13:50:45', '2024-02-02 14:33:58'),
(883, 739, 5, 2, '2024-02-02 13:50:45', NULL),
(884, 739, 6, 2, '2024-02-02 13:50:45', NULL),
(885, 739, 7, 2, '2024-02-02 13:50:45', NULL),
(886, 739, 8, 2, '2024-02-02 13:50:45', NULL),
(887, 739, 9, 2, '2024-02-02 13:50:45', NULL),
(888, 739, 10, 2, '2024-02-02 13:50:45', NULL),
(889, 740, 1, 1, '2024-02-02 13:50:57', '2024-02-02 13:58:37'),
(890, 740, 2, 1, '2024-02-02 13:50:57', '2024-02-02 14:00:22'),
(891, 740, 3, 1, '2024-02-02 13:50:57', '2024-02-02 14:03:06'),
(892, 740, 4, 2, '2024-02-02 13:50:57', NULL),
(893, 740, 5, 2, '2024-02-02 13:50:57', NULL),
(894, 740, 6, 2, '2024-02-02 13:50:57', NULL),
(895, 740, 7, 2, '2024-02-02 13:50:57', NULL),
(896, 740, 8, 2, '2024-02-02 13:50:57', NULL),
(897, 740, 9, 2, '2024-02-02 13:50:57', NULL),
(898, 740, 10, 2, '2024-02-02 13:50:57', NULL),
(899, 741, 1, 1, '2024-02-02 13:51:25', '2024-02-02 14:28:24'),
(900, 741, 2, 1, '2024-02-02 13:51:25', '2024-02-02 14:29:26'),
(901, 741, 3, 1, '2024-02-02 13:51:25', '2024-02-02 14:32:32'),
(902, 741, 4, 1, '2024-02-02 13:51:25', '2024-02-02 14:33:28'),
(903, 741, 5, 2, '2024-02-02 13:51:25', NULL),
(904, 741, 6, 2, '2024-02-02 13:51:25', NULL),
(905, 741, 7, 2, '2024-02-02 13:51:25', NULL),
(906, 741, 8, 2, '2024-02-02 13:51:25', NULL),
(907, 741, 9, 2, '2024-02-02 13:51:25', NULL),
(908, 741, 10, 2, '2024-02-02 13:51:25', NULL),
(909, 742, 1, 1, '2024-02-02 13:51:28', '2024-02-02 13:55:38'),
(910, 742, 2, 1, '2024-02-02 13:51:28', '2024-02-02 13:57:26'),
(911, 742, 3, 1, '2024-02-02 13:51:28', '2024-02-02 13:59:23'),
(912, 742, 4, 1, '2024-02-02 13:51:28', '2024-02-02 14:00:33'),
(913, 742, 5, 2, '2024-02-02 13:51:28', NULL),
(914, 742, 6, 2, '2024-02-02 13:51:28', NULL),
(915, 742, 7, 2, '2024-02-02 13:51:28', NULL),
(916, 742, 8, 2, '2024-02-02 13:51:28', NULL),
(917, 742, 9, 2, '2024-02-02 13:51:28', NULL),
(918, 742, 10, 2, '2024-02-02 13:51:28', NULL),
(919, 743, 1, 2, '2024-02-02 13:51:47', NULL),
(920, 743, 2, 2, '2024-02-02 13:51:47', NULL),
(921, 743, 3, 2, '2024-02-02 13:51:47', NULL),
(922, 743, 4, 2, '2024-02-02 13:51:47', NULL),
(923, 743, 5, 2, '2024-02-02 13:51:47', NULL),
(924, 743, 6, 2, '2024-02-02 13:51:47', NULL),
(925, 743, 7, 2, '2024-02-02 13:51:47', NULL),
(926, 743, 8, 2, '2024-02-02 13:51:47', NULL),
(927, 743, 9, 2, '2024-02-02 13:51:47', NULL),
(928, 743, 10, 2, '2024-02-02 13:51:47', NULL),
(929, 753, 1, 1, '2024-02-02 13:52:32', '2024-02-02 14:15:33'),
(930, 753, 2, 1, '2024-02-02 13:52:32', '2024-02-02 14:16:05'),
(931, 753, 3, 1, '2024-02-02 13:52:32', '2024-02-02 14:17:39'),
(932, 753, 4, 1, '2024-02-02 13:52:32', '2024-02-02 14:18:58'),
(933, 753, 5, 2, '2024-02-02 13:52:32', NULL),
(934, 753, 6, 2, '2024-02-02 13:52:32', NULL),
(935, 753, 7, 2, '2024-02-02 13:52:32', NULL),
(936, 753, 8, 2, '2024-02-02 13:52:32', NULL),
(937, 753, 9, 2, '2024-02-02 13:52:32', NULL),
(938, 753, 10, 2, '2024-02-02 13:52:32', NULL),
(939, 761, 1, 1, '2024-02-02 14:04:25', '2024-02-02 14:12:26'),
(940, 761, 2, 1, '2024-02-02 14:04:25', '2024-02-02 14:13:57'),
(941, 761, 3, 1, '2024-02-02 14:04:25', '2024-02-02 14:17:02'),
(942, 761, 4, 1, '2024-02-02 14:04:25', '2024-02-02 14:19:22'),
(943, 761, 5, 2, '2024-02-02 14:04:25', NULL),
(944, 761, 6, 2, '2024-02-02 14:04:25', NULL),
(945, 761, 7, 2, '2024-02-02 14:04:25', NULL),
(946, 761, 8, 2, '2024-02-02 14:04:25', NULL),
(947, 761, 9, 2, '2024-02-02 14:04:25', NULL),
(948, 761, 10, 2, '2024-02-02 14:04:25', NULL),
(949, 765, 1, 1, '2024-02-02 14:04:46', '2024-02-02 14:14:58'),
(950, 765, 2, 1, '2024-02-02 14:04:46', '2024-02-02 14:18:04'),
(951, 765, 3, 2, '2024-02-02 14:04:46', NULL),
(952, 765, 4, 2, '2024-02-02 14:04:46', NULL),
(953, 765, 5, 2, '2024-02-02 14:04:46', NULL),
(954, 765, 6, 2, '2024-02-02 14:04:46', NULL),
(955, 765, 7, 2, '2024-02-02 14:04:46', NULL),
(956, 765, 8, 2, '2024-02-02 14:04:46', NULL),
(957, 765, 9, 2, '2024-02-02 14:04:46', NULL),
(958, 765, 10, 2, '2024-02-02 14:04:46', NULL),
(959, 766, 1, 1, '2024-02-02 14:05:05', '2024-02-02 14:14:28'),
(960, 766, 2, 1, '2024-02-02 14:05:05', '2024-02-02 14:17:25'),
(961, 766, 3, 1, '2024-02-02 14:05:05', '2024-02-02 14:21:17'),
(962, 766, 4, 2, '2024-02-02 14:05:05', NULL),
(963, 766, 5, 2, '2024-02-02 14:05:05', NULL),
(964, 766, 6, 2, '2024-02-02 14:05:05', NULL),
(965, 766, 7, 2, '2024-02-02 14:05:05', NULL),
(966, 766, 8, 2, '2024-02-02 14:05:05', NULL),
(967, 766, 9, 2, '2024-02-02 14:05:05', NULL),
(968, 766, 10, 2, '2024-02-02 14:05:05', NULL),
(969, 767, 1, 1, '2024-02-02 14:05:35', '2024-02-02 14:14:36'),
(970, 767, 2, 1, '2024-02-02 14:05:35', '2024-02-02 14:17:37'),
(971, 767, 3, 1, '2024-02-02 14:05:35', '2024-02-02 14:20:30'),
(972, 767, 4, 1, '2024-02-02 14:05:35', '2024-02-02 14:20:39'),
(973, 767, 5, 2, '2024-02-02 14:05:35', NULL),
(974, 767, 6, 2, '2024-02-02 14:05:35', NULL),
(975, 767, 7, 2, '2024-02-02 14:05:35', NULL),
(976, 767, 8, 2, '2024-02-02 14:05:35', NULL),
(977, 767, 9, 2, '2024-02-02 14:05:35', NULL),
(978, 767, 10, 2, '2024-02-02 14:05:35', NULL),
(979, 772, 1, 1, '2024-02-02 14:05:37', '2024-02-02 14:33:32'),
(980, 772, 2, 1, '2024-02-02 14:05:37', '2024-02-02 14:34:06'),
(981, 772, 3, 1, '2024-02-02 14:05:37', '2024-02-02 14:38:39'),
(982, 772, 4, 1, '2024-02-02 14:05:37', '2024-02-02 14:38:59'),
(983, 772, 5, 2, '2024-02-02 14:05:37', NULL),
(984, 772, 6, 2, '2024-02-02 14:05:37', NULL),
(985, 772, 7, 2, '2024-02-02 14:05:37', NULL),
(986, 772, 8, 2, '2024-02-02 14:05:37', NULL),
(987, 772, 9, 2, '2024-02-02 14:05:37', NULL),
(988, 772, 10, 2, '2024-02-02 14:05:37', NULL),
(989, 775, 1, 1, '2024-02-02 14:05:45', '2024-02-02 14:14:38'),
(990, 775, 2, 1, '2024-02-02 14:05:45', '2024-02-02 14:21:23'),
(991, 775, 3, 2, '2024-02-02 14:05:45', NULL),
(992, 775, 4, 2, '2024-02-02 14:05:45', NULL),
(993, 775, 5, 2, '2024-02-02 14:05:45', NULL),
(994, 775, 6, 2, '2024-02-02 14:05:45', NULL),
(995, 775, 7, 2, '2024-02-02 14:05:45', NULL),
(996, 775, 8, 2, '2024-02-02 14:05:45', NULL),
(997, 775, 9, 2, '2024-02-02 14:05:45', NULL),
(998, 775, 10, 2, '2024-02-02 14:05:45', NULL),
(999, 776, 1, 1, '2024-02-02 14:22:13', '2024-02-02 14:30:31'),
(1000, 776, 2, 1, '2024-02-02 14:22:13', '2024-02-02 14:32:49'),
(1001, 776, 3, 1, '2024-02-02 14:22:13', '2024-02-02 14:35:07'),
(1002, 776, 4, 1, '2024-02-02 14:22:13', '2024-02-02 14:36:20'),
(1003, 776, 5, 2, '2024-02-02 14:22:13', NULL),
(1004, 776, 6, 2, '2024-02-02 14:22:13', NULL),
(1005, 776, 7, 2, '2024-02-02 14:22:13', NULL),
(1006, 776, 8, 2, '2024-02-02 14:22:13', NULL),
(1007, 776, 9, 2, '2024-02-02 14:22:13', NULL),
(1008, 776, 10, 2, '2024-02-02 14:22:13', NULL),
(1009, 781, 1, 1, '2024-02-02 14:22:32', '2024-02-02 14:30:25'),
(1010, 781, 2, 1, '2024-02-02 14:22:32', '2024-02-02 14:33:06'),
(1011, 781, 3, 2, '2024-02-02 14:22:32', NULL),
(1012, 781, 4, 2, '2024-02-02 14:22:32', NULL),
(1013, 781, 5, 2, '2024-02-02 14:22:32', NULL),
(1014, 781, 6, 2, '2024-02-02 14:22:32', NULL),
(1015, 781, 7, 2, '2024-02-02 14:22:32', NULL),
(1016, 781, 8, 2, '2024-02-02 14:22:32', NULL),
(1017, 781, 9, 2, '2024-02-02 14:22:32', NULL),
(1018, 781, 10, 2, '2024-02-02 14:22:32', NULL),
(1019, 782, 1, 2, '2024-02-02 14:23:03', NULL),
(1020, 782, 2, 2, '2024-02-02 14:23:03', NULL),
(1021, 782, 3, 2, '2024-02-02 14:23:03', NULL),
(1022, 782, 4, 2, '2024-02-02 14:23:03', NULL);
INSERT INTO `challengeTeam` (`id`, `idTeam`, `idChallenge`, `isFinish`, `beginTime`, `endTime`) VALUES
(1023, 782, 5, 2, '2024-02-02 14:23:03', NULL),
(1024, 782, 6, 2, '2024-02-02 14:23:03', NULL),
(1025, 782, 7, 2, '2024-02-02 14:23:03', NULL),
(1026, 782, 8, 2, '2024-02-02 14:23:03', NULL),
(1027, 782, 9, 2, '2024-02-02 14:23:03', NULL),
(1028, 782, 10, 2, '2024-02-02 14:23:03', NULL),
(1029, 784, 1, 1, '2024-02-02 14:23:24', '2024-02-02 14:27:55'),
(1030, 784, 2, 1, '2024-02-02 14:23:24', '2024-02-02 14:28:31'),
(1031, 784, 3, 1, '2024-02-02 14:23:24', '2024-02-02 14:31:20'),
(1032, 784, 4, 1, '2024-02-02 14:23:24', '2024-02-02 14:32:02'),
(1033, 784, 5, 1, '2024-02-02 14:23:24', '2024-02-02 14:38:11'),
(1034, 784, 6, 1, '2024-02-02 14:23:24', '2024-02-02 15:06:31'),
(1035, 784, 7, 2, '2024-02-02 14:23:24', NULL),
(1036, 784, 8, 2, '2024-02-02 14:23:24', NULL),
(1037, 784, 9, 2, '2024-02-02 14:23:24', NULL),
(1038, 784, 10, 2, '2024-02-02 14:23:24', NULL),
(1039, 786, 1, 1, '2024-02-02 14:26:22', '2024-02-02 14:31:45'),
(1040, 786, 2, 1, '2024-02-02 14:26:22', '2024-02-02 14:33:04'),
(1041, 786, 3, 1, '2024-02-02 14:26:22', '2024-02-02 14:34:21'),
(1042, 786, 4, 2, '2024-02-02 14:26:22', NULL),
(1043, 786, 5, 2, '2024-02-02 14:26:22', NULL),
(1044, 786, 6, 2, '2024-02-02 14:26:22', NULL),
(1045, 786, 7, 2, '2024-02-02 14:26:22', NULL),
(1046, 786, 8, 2, '2024-02-02 14:26:22', NULL),
(1047, 786, 9, 2, '2024-02-02 14:26:22', NULL),
(1048, 786, 10, 2, '2024-02-02 14:26:22', NULL),
(1049, 787, 1, 1, '2024-02-02 14:29:18', '2024-02-02 14:35:53'),
(1050, 787, 2, 1, '2024-02-02 14:29:18', '2024-02-02 14:36:23'),
(1051, 787, 3, 1, '2024-02-02 14:29:18', '2024-02-02 14:36:41'),
(1052, 787, 4, 1, '2024-02-02 14:29:18', '2024-02-02 14:37:32'),
(1053, 787, 5, 2, '2024-02-02 14:29:18', NULL),
(1054, 787, 6, 2, '2024-02-02 14:29:18', NULL),
(1055, 787, 7, 2, '2024-02-02 14:29:18', NULL),
(1056, 787, 8, 2, '2024-02-02 14:29:18', NULL),
(1057, 787, 9, 2, '2024-02-02 14:29:18', NULL),
(1058, 787, 10, 2, '2024-02-02 14:29:18', NULL),
(1059, 791, 1, 2, '2024-02-02 14:41:05', NULL),
(1060, 791, 2, 2, '2024-02-02 14:41:05', NULL),
(1061, 791, 3, 2, '2024-02-02 14:41:05', NULL),
(1062, 791, 4, 2, '2024-02-02 14:41:05', NULL),
(1063, 791, 5, 2, '2024-02-02 14:41:05', NULL),
(1064, 791, 6, 2, '2024-02-02 14:41:05', NULL),
(1065, 791, 7, 2, '2024-02-02 14:41:05', NULL),
(1066, 791, 8, 2, '2024-02-02 14:41:05', NULL),
(1067, 791, 9, 2, '2024-02-02 14:41:05', NULL),
(1068, 791, 10, 2, '2024-02-02 14:41:05', NULL),
(1069, 796, 1, 2, '2024-02-02 14:41:51', NULL),
(1070, 796, 2, 2, '2024-02-02 14:41:51', NULL),
(1071, 796, 3, 2, '2024-02-02 14:41:51', NULL),
(1072, 796, 4, 2, '2024-02-02 14:41:51', NULL),
(1073, 796, 5, 2, '2024-02-02 14:41:51', NULL),
(1074, 796, 6, 2, '2024-02-02 14:41:51', NULL),
(1075, 796, 7, 2, '2024-02-02 14:41:51', NULL),
(1076, 796, 8, 2, '2024-02-02 14:41:51', NULL),
(1077, 796, 9, 2, '2024-02-02 14:41:51', NULL),
(1078, 796, 10, 2, '2024-02-02 14:41:51', NULL),
(1079, 799, 1, 1, '2024-02-02 14:42:11', '2024-02-02 14:52:47'),
(1080, 799, 2, 1, '2024-02-02 14:42:11', '2024-02-02 14:54:13'),
(1081, 799, 3, 1, '2024-02-02 14:42:11', '2024-02-02 14:56:47'),
(1082, 799, 4, 1, '2024-02-02 14:42:11', '2024-02-02 14:58:14'),
(1083, 799, 5, 2, '2024-02-02 14:42:11', NULL),
(1084, 799, 6, 2, '2024-02-02 14:42:11', NULL),
(1085, 799, 7, 2, '2024-02-02 14:42:11', NULL),
(1086, 799, 8, 2, '2024-02-02 14:42:11', NULL),
(1087, 799, 9, 2, '2024-02-02 14:42:11', NULL),
(1088, 799, 10, 2, '2024-02-02 14:42:11', NULL),
(1089, 803, 1, 2, '2024-02-02 14:42:25', NULL),
(1090, 803, 2, 2, '2024-02-02 14:42:25', NULL),
(1091, 803, 3, 2, '2024-02-02 14:42:25', NULL),
(1092, 803, 4, 2, '2024-02-02 14:42:25', NULL),
(1093, 803, 5, 2, '2024-02-02 14:42:25', NULL),
(1094, 803, 6, 2, '2024-02-02 14:42:25', NULL),
(1095, 803, 7, 2, '2024-02-02 14:42:25', NULL),
(1096, 803, 8, 2, '2024-02-02 14:42:25', NULL),
(1097, 803, 9, 2, '2024-02-02 14:42:25', NULL),
(1098, 803, 10, 2, '2024-02-02 14:42:25', NULL),
(1099, 805, 1, 2, '2024-02-02 14:43:46', NULL),
(1100, 805, 2, 2, '2024-02-02 14:43:46', NULL),
(1101, 805, 3, 2, '2024-02-02 14:43:46', NULL),
(1102, 805, 4, 2, '2024-02-02 14:43:46', NULL),
(1103, 805, 5, 2, '2024-02-02 14:43:46', NULL),
(1104, 805, 6, 2, '2024-02-02 14:43:46', NULL),
(1105, 805, 7, 2, '2024-02-02 14:43:46', NULL),
(1106, 805, 8, 2, '2024-02-02 14:43:46', NULL),
(1107, 805, 9, 2, '2024-02-02 14:43:46', NULL),
(1108, 805, 10, 2, '2024-02-02 14:43:46', NULL),
(1109, 807, 1, 2, '2024-02-02 14:44:39', NULL),
(1110, 807, 2, 2, '2024-02-02 14:44:39', NULL),
(1111, 807, 3, 2, '2024-02-02 14:44:39', NULL),
(1112, 807, 4, 2, '2024-02-02 14:44:39', NULL),
(1113, 807, 5, 2, '2024-02-02 14:44:39', NULL),
(1114, 807, 6, 2, '2024-02-02 14:44:39', NULL),
(1115, 807, 7, 2, '2024-02-02 14:44:39', NULL),
(1116, 807, 8, 2, '2024-02-02 14:44:39', NULL),
(1117, 807, 9, 2, '2024-02-02 14:44:39', NULL),
(1118, 807, 10, 2, '2024-02-02 14:44:39', NULL),
(1119, 810, 1, 1, '2024-02-02 14:45:32', '2024-02-02 15:26:21'),
(1120, 810, 2, 2, '2024-02-02 14:45:32', NULL),
(1121, 810, 3, 2, '2024-02-02 14:45:32', NULL),
(1122, 810, 4, 2, '2024-02-02 14:45:32', NULL),
(1123, 810, 5, 2, '2024-02-02 14:45:32', NULL),
(1124, 810, 6, 2, '2024-02-02 14:45:32', NULL),
(1125, 810, 7, 2, '2024-02-02 14:45:32', NULL),
(1126, 810, 8, 2, '2024-02-02 14:45:32', NULL),
(1127, 810, 9, 2, '2024-02-02 14:45:32', NULL),
(1128, 810, 10, 2, '2024-02-02 14:45:32', NULL),
(1129, 812, 1, 2, '2024-02-02 14:59:30', NULL),
(1130, 812, 2, 2, '2024-02-02 14:59:30', NULL),
(1131, 812, 3, 2, '2024-02-02 14:59:30', NULL),
(1132, 812, 4, 2, '2024-02-02 14:59:30', NULL),
(1133, 812, 5, 2, '2024-02-02 14:59:30', NULL),
(1134, 812, 6, 2, '2024-02-02 14:59:30', NULL),
(1135, 812, 7, 2, '2024-02-02 14:59:30', NULL),
(1136, 812, 8, 2, '2024-02-02 14:59:30', NULL),
(1137, 812, 9, 2, '2024-02-02 14:59:30', NULL),
(1138, 812, 10, 2, '2024-02-02 14:59:30', NULL),
(1139, 814, 1, 1, '2024-02-02 15:15:06', '2024-02-02 15:24:31'),
(1140, 814, 2, 2, '2024-02-02 15:15:06', NULL),
(1141, 814, 3, 2, '2024-02-02 15:15:06', NULL),
(1142, 814, 4, 2, '2024-02-02 15:15:06', NULL),
(1143, 814, 5, 2, '2024-02-02 15:15:06', NULL),
(1144, 814, 6, 2, '2024-02-02 15:15:06', NULL),
(1145, 814, 7, 2, '2024-02-02 15:15:06', NULL),
(1146, 814, 8, 2, '2024-02-02 15:15:06', NULL),
(1147, 814, 9, 2, '2024-02-02 15:15:06', NULL),
(1148, 814, 10, 2, '2024-02-02 15:15:06', NULL),
(1149, 817, 1, 1, '2024-02-02 15:20:57', '2024-02-02 15:26:58'),
(1150, 817, 2, 2, '2024-02-02 15:20:57', NULL),
(1151, 817, 3, 2, '2024-02-02 15:20:57', NULL),
(1152, 817, 4, 2, '2024-02-02 15:20:57', NULL),
(1153, 817, 5, 2, '2024-02-02 15:20:57', NULL),
(1154, 817, 6, 2, '2024-02-02 15:20:57', NULL),
(1155, 817, 7, 2, '2024-02-02 15:20:57', NULL),
(1156, 817, 8, 2, '2024-02-02 15:20:57', NULL),
(1157, 817, 9, 2, '2024-02-02 15:20:57', NULL),
(1158, 817, 10, 2, '2024-02-02 15:20:57', NULL),
(1159, 819, 1, 1, '2024-02-02 15:22:27', '2024-02-02 15:25:52'),
(1160, 819, 2, 2, '2024-02-02 15:22:27', NULL),
(1161, 819, 3, 2, '2024-02-02 15:22:27', NULL),
(1162, 819, 4, 2, '2024-02-02 15:22:27', NULL),
(1163, 819, 5, 2, '2024-02-02 15:22:27', NULL),
(1164, 819, 6, 2, '2024-02-02 15:22:27', NULL),
(1165, 819, 7, 2, '2024-02-02 15:22:27', NULL),
(1166, 819, 8, 2, '2024-02-02 15:22:27', NULL),
(1167, 819, 9, 2, '2024-02-02 15:22:27', NULL),
(1168, 819, 10, 2, '2024-02-02 15:22:27', NULL),
(1169, 821, 1, 1, '2024-02-02 15:26:16', '2024-02-02 15:26:32'),
(1170, 821, 2, 2, '2024-02-02 15:26:16', NULL),
(1171, 821, 3, 2, '2024-02-02 15:26:16', NULL),
(1172, 821, 4, 2, '2024-02-02 15:26:16', NULL),
(1173, 821, 5, 2, '2024-02-02 15:26:16', NULL),
(1174, 821, 6, 2, '2024-02-02 15:26:16', NULL),
(1175, 821, 7, 2, '2024-02-02 15:26:16', NULL),
(1176, 821, 8, 2, '2024-02-02 15:26:16', NULL),
(1177, 821, 9, 2, '2024-02-02 15:26:16', NULL),
(1178, 821, 10, 2, '2024-02-02 15:26:16', NULL),
(1179, 822, 1, 1, '2024-02-02 15:27:37', '2024-02-02 15:27:43'),
(1180, 822, 2, 2, '2024-02-02 15:27:37', NULL),
(1181, 822, 3, 2, '2024-02-02 15:27:37', NULL),
(1182, 822, 4, 2, '2024-02-02 15:27:37', NULL),
(1183, 822, 5, 2, '2024-02-02 15:27:37', NULL),
(1184, 822, 6, 2, '2024-02-02 15:27:37', NULL),
(1185, 822, 7, 2, '2024-02-02 15:27:37', NULL),
(1186, 822, 8, 2, '2024-02-02 15:27:37', NULL),
(1187, 822, 9, 2, '2024-02-02 15:27:37', NULL),
(1188, 822, 10, 2, '2024-02-02 15:27:37', NULL),
(1189, 834, 1, 1, '2024-02-02 15:32:21', '2024-02-02 15:41:25'),
(1190, 834, 2, 1, '2024-02-02 15:32:21', '2024-02-02 15:41:52'),
(1191, 834, 3, 1, '2024-02-02 15:32:21', '2024-02-02 15:43:06'),
(1192, 834, 4, 1, '2024-02-02 15:32:21', '2024-02-02 15:43:29'),
(1193, 834, 5, 1, '2024-02-02 15:32:21', '2024-02-02 15:44:43'),
(1194, 834, 6, 1, '2024-02-02 15:32:21', '2024-02-02 15:46:24'),
(1195, 834, 7, 1, '2024-02-02 15:32:21', '2024-02-02 15:48:23'),
(1196, 834, 8, 1, '2024-02-02 15:32:21', '2024-02-02 15:50:01'),
(1197, 834, 9, 1, '2024-02-02 15:32:21', '2024-02-02 15:51:16'),
(1198, 834, 10, 2, '2024-02-02 15:32:21', NULL),
(1199, 836, 1, 1, '2024-02-02 15:32:54', '2024-02-02 16:01:42'),
(1200, 836, 2, 2, '2024-02-02 15:32:54', NULL),
(1201, 836, 3, 2, '2024-02-02 15:32:54', NULL),
(1202, 836, 4, 2, '2024-02-02 15:32:54', NULL),
(1203, 836, 5, 2, '2024-02-02 15:32:54', NULL),
(1204, 836, 6, 2, '2024-02-02 15:32:54', NULL),
(1205, 836, 7, 2, '2024-02-02 15:32:54', NULL),
(1206, 836, 8, 2, '2024-02-02 15:32:54', NULL),
(1207, 836, 9, 2, '2024-02-02 15:32:54', NULL),
(1208, 836, 10, 2, '2024-02-02 15:32:54', NULL),
(1209, 840, 1, 1, '2024-02-02 15:33:19', '2024-02-02 16:00:07'),
(1210, 840, 2, 1, '2024-02-02 15:33:19', '2024-02-02 16:06:07'),
(1211, 840, 3, 2, '2024-02-02 15:33:19', NULL),
(1212, 840, 4, 2, '2024-02-02 15:33:19', NULL),
(1213, 840, 5, 2, '2024-02-02 15:33:19', NULL),
(1214, 840, 6, 2, '2024-02-02 15:33:19', NULL),
(1215, 840, 7, 2, '2024-02-02 15:33:19', NULL),
(1216, 840, 8, 2, '2024-02-02 15:33:19', NULL),
(1217, 840, 9, 2, '2024-02-02 15:33:19', NULL),
(1218, 840, 10, 2, '2024-02-02 15:33:19', NULL),
(1219, 845, 1, 1, '2024-02-02 15:34:37', '2024-02-02 16:00:00'),
(1220, 845, 2, 1, '2024-02-02 15:34:37', '2024-02-02 16:00:11'),
(1221, 845, 3, 1, '2024-02-02 15:34:37', '2024-02-02 16:03:14'),
(1222, 845, 4, 1, '2024-02-02 15:34:37', '2024-02-02 16:05:33'),
(1223, 845, 5, 2, '2024-02-02 15:34:37', NULL),
(1224, 845, 6, 2, '2024-02-02 15:34:37', NULL),
(1225, 845, 7, 2, '2024-02-02 15:34:37', NULL),
(1226, 845, 8, 2, '2024-02-02 15:34:37', NULL),
(1227, 845, 9, 2, '2024-02-02 15:34:37', NULL),
(1228, 845, 10, 2, '2024-02-02 15:34:37', NULL),
(1229, 844, 1, 2, '2024-02-02 15:34:53', NULL),
(1230, 844, 2, 2, '2024-02-02 15:34:53', NULL),
(1231, 844, 3, 2, '2024-02-02 15:34:53', NULL),
(1232, 844, 4, 2, '2024-02-02 15:34:53', NULL),
(1233, 844, 5, 2, '2024-02-02 15:34:53', NULL),
(1234, 844, 6, 2, '2024-02-02 15:34:53', NULL),
(1235, 844, 7, 2, '2024-02-02 15:34:53', NULL),
(1236, 844, 8, 2, '2024-02-02 15:34:53', NULL),
(1237, 844, 9, 2, '2024-02-02 15:34:53', NULL),
(1238, 844, 10, 2, '2024-02-02 15:34:53', NULL),
(1239, 847, 1, 2, '2024-02-02 15:37:20', NULL),
(1240, 847, 2, 2, '2024-02-02 15:37:20', NULL),
(1241, 847, 3, 2, '2024-02-02 15:37:20', NULL),
(1242, 847, 4, 2, '2024-02-02 15:37:20', NULL),
(1243, 847, 5, 2, '2024-02-02 15:37:20', NULL),
(1244, 847, 6, 2, '2024-02-02 15:37:20', NULL),
(1245, 847, 7, 2, '2024-02-02 15:37:20', NULL),
(1246, 847, 8, 2, '2024-02-02 15:37:20', NULL),
(1247, 847, 9, 2, '2024-02-02 15:37:20', NULL),
(1248, 847, 10, 2, '2024-02-02 15:37:20', NULL),
(1249, 850, 1, 1, '2024-02-02 15:37:50', '2024-02-02 16:05:09'),
(1250, 850, 2, 2, '2024-02-02 15:37:50', NULL),
(1251, 850, 3, 2, '2024-02-02 15:37:50', NULL),
(1252, 850, 4, 2, '2024-02-02 15:37:50', NULL),
(1253, 850, 5, 2, '2024-02-02 15:37:50', NULL),
(1254, 850, 6, 2, '2024-02-02 15:37:50', NULL),
(1255, 850, 7, 2, '2024-02-02 15:37:50', NULL),
(1256, 850, 8, 2, '2024-02-02 15:37:50', NULL),
(1257, 850, 9, 2, '2024-02-02 15:37:50', NULL),
(1258, 850, 10, 2, '2024-02-02 15:37:50', NULL),
(1259, 854, 1, 1, '2024-02-02 15:53:13', '2024-02-02 15:58:13'),
(1260, 854, 2, 1, '2024-02-02 15:53:13', '2024-02-02 16:00:30'),
(1261, 854, 3, 1, '2024-02-02 15:53:13', '2024-02-02 16:01:25'),
(1262, 854, 4, 1, '2024-02-02 15:53:13', '2024-02-02 16:02:41'),
(1263, 854, 5, 2, '2024-02-02 15:53:13', NULL),
(1264, 854, 6, 2, '2024-02-02 15:53:13', NULL),
(1265, 854, 7, 2, '2024-02-02 15:53:13', NULL),
(1266, 854, 8, 2, '2024-02-02 15:53:13', NULL),
(1267, 854, 9, 2, '2024-02-02 15:53:13', NULL),
(1268, 854, 10, 2, '2024-02-02 15:53:13', NULL),
(1269, 857, 1, 1, '2024-02-02 15:56:44', '2024-02-02 15:59:06'),
(1270, 857, 2, 1, '2024-02-02 15:56:44', '2024-02-02 15:59:20'),
(1271, 857, 3, 1, '2024-02-02 15:56:44', '2024-02-02 16:00:30'),
(1272, 857, 4, 1, '2024-02-02 15:56:44', '2024-02-02 16:01:13'),
(1273, 857, 5, 1, '2024-02-02 15:56:44', '2024-02-02 16:01:24'),
(1274, 857, 6, 1, '2024-02-02 15:56:44', '2024-02-02 16:02:53'),
(1275, 857, 7, 2, '2024-02-02 15:56:44', NULL),
(1276, 857, 8, 2, '2024-02-02 15:56:44', NULL),
(1277, 857, 9, 2, '2024-02-02 15:56:44', NULL),
(1278, 857, 10, 2, '2024-02-02 15:56:44', NULL),
(1279, 862, 1, 1, '2024-02-02 15:57:23', '2024-02-02 15:59:29'),
(1280, 862, 2, 1, '2024-02-02 15:57:23', '2024-02-02 16:02:25'),
(1281, 862, 3, 1, '2024-02-02 15:57:23', '2024-02-02 16:05:00'),
(1282, 862, 4, 2, '2024-02-02 15:57:23', NULL),
(1283, 862, 5, 2, '2024-02-02 15:57:23', NULL),
(1284, 862, 6, 2, '2024-02-02 15:57:23', NULL),
(1285, 862, 7, 2, '2024-02-02 15:57:23', NULL),
(1286, 862, 8, 2, '2024-02-02 15:57:23', NULL),
(1287, 862, 9, 2, '2024-02-02 15:57:23', NULL),
(1288, 862, 10, 2, '2024-02-02 15:57:23', NULL),
(1289, 865, 1, 2, '2024-02-02 15:58:43', NULL),
(1290, 865, 2, 2, '2024-02-02 15:58:43', NULL),
(1291, 865, 3, 2, '2024-02-02 15:58:43', NULL),
(1292, 865, 4, 2, '2024-02-02 15:58:43', NULL),
(1293, 865, 5, 2, '2024-02-02 15:58:43', NULL),
(1294, 865, 6, 2, '2024-02-02 15:58:43', NULL),
(1295, 865, 7, 2, '2024-02-02 15:58:43', NULL),
(1296, 865, 8, 2, '2024-02-02 15:58:43', NULL),
(1297, 865, 9, 2, '2024-02-02 15:58:43', NULL),
(1298, 865, 10, 2, '2024-02-02 15:58:43', NULL),
(1299, 866, 1, 1, '2024-02-02 16:07:19', '2024-02-02 16:14:15'),
(1300, 866, 2, 1, '2024-02-02 16:07:19', '2024-02-02 16:17:11'),
(1301, 866, 3, 1, '2024-02-02 16:07:19', '2024-02-02 16:21:29'),
(1302, 866, 4, 2, '2024-02-02 16:07:19', NULL),
(1303, 866, 5, 2, '2024-02-02 16:07:19', NULL),
(1304, 866, 6, 2, '2024-02-02 16:07:19', NULL),
(1305, 866, 7, 2, '2024-02-02 16:07:19', NULL),
(1306, 866, 8, 2, '2024-02-02 16:07:19', NULL),
(1307, 866, 9, 2, '2024-02-02 16:07:19', NULL),
(1308, 866, 10, 2, '2024-02-02 16:07:19', NULL),
(1309, 869, 1, 2, '2024-02-02 16:07:32', NULL),
(1310, 869, 2, 2, '2024-02-02 16:07:33', NULL),
(1311, 869, 3, 2, '2024-02-02 16:07:33', NULL),
(1312, 869, 4, 2, '2024-02-02 16:07:33', NULL),
(1313, 869, 5, 2, '2024-02-02 16:07:33', NULL),
(1314, 869, 6, 2, '2024-02-02 16:07:33', NULL),
(1315, 869, 7, 2, '2024-02-02 16:07:33', NULL),
(1316, 869, 8, 2, '2024-02-02 16:07:33', NULL),
(1317, 869, 9, 2, '2024-02-02 16:07:33', NULL),
(1318, 869, 10, 2, '2024-02-02 16:07:33', NULL),
(1319, 872, 1, 1, '2024-02-02 16:08:32', '2024-02-02 16:13:17'),
(1320, 872, 2, 1, '2024-02-02 16:08:32', '2024-02-02 16:15:35'),
(1321, 872, 3, 1, '2024-02-02 16:08:32', '2024-02-02 16:19:32'),
(1322, 872, 4, 1, '2024-02-02 16:08:32', '2024-02-02 16:19:58'),
(1323, 872, 5, 1, '2024-02-02 16:08:32', '2024-02-02 16:23:06'),
(1324, 872, 6, 1, '2024-02-02 16:08:32', '2024-02-02 16:25:23'),
(1325, 872, 7, 2, '2024-02-02 16:08:32', NULL),
(1326, 872, 8, 2, '2024-02-02 16:08:32', NULL),
(1327, 872, 9, 2, '2024-02-02 16:08:32', NULL),
(1328, 872, 10, 2, '2024-02-02 16:08:32', NULL),
(1329, 874, 1, 1, '2024-02-02 16:08:55', '2024-02-02 16:13:31'),
(1330, 874, 2, 1, '2024-02-02 16:08:55', '2024-02-02 16:17:03'),
(1331, 874, 3, 1, '2024-02-02 16:08:55', '2024-02-02 16:18:11'),
(1332, 874, 4, 1, '2024-02-02 16:08:55', '2024-02-02 16:18:58'),
(1333, 874, 5, 1, '2024-02-02 16:08:55', '2024-02-02 16:23:46'),
(1334, 874, 6, 2, '2024-02-02 16:08:55', NULL),
(1335, 874, 7, 2, '2024-02-02 16:08:55', NULL),
(1336, 874, 8, 2, '2024-02-02 16:08:55', NULL),
(1337, 874, 9, 2, '2024-02-02 16:08:55', NULL),
(1338, 874, 10, 2, '2024-02-02 16:08:55', NULL),
(1339, 877, 1, 1, '2024-02-02 16:09:07', '2024-02-02 16:14:56'),
(1340, 877, 2, 1, '2024-02-02 16:09:07', '2024-02-02 16:19:40'),
(1341, 877, 3, 1, '2024-02-02 16:09:07', '2024-02-02 16:22:50'),
(1342, 877, 4, 1, '2024-02-02 16:09:07', '2024-02-02 16:23:10'),
(1343, 877, 5, 1, '2024-02-02 16:09:07', '2024-02-02 16:25:14'),
(1344, 877, 6, 2, '2024-02-02 16:09:07', NULL),
(1345, 877, 7, 2, '2024-02-02 16:09:07', NULL),
(1346, 877, 8, 2, '2024-02-02 16:09:07', NULL),
(1347, 877, 9, 2, '2024-02-02 16:09:07', NULL),
(1348, 877, 10, 2, '2024-02-02 16:09:07', NULL),
(1349, 879, 1, 1, '2024-02-02 16:09:34', '2024-02-02 16:14:51'),
(1350, 879, 2, 1, '2024-02-02 16:09:34', '2024-02-02 16:17:42'),
(1351, 879, 3, 1, '2024-02-02 16:09:34', '2024-02-02 16:20:52'),
(1352, 879, 4, 1, '2024-02-02 16:09:34', '2024-02-02 16:22:08'),
(1353, 879, 5, 1, '2024-02-02 16:09:34', '2024-02-02 16:26:17'),
(1354, 879, 6, 2, '2024-02-02 16:09:34', NULL),
(1355, 879, 7, 2, '2024-02-02 16:09:34', NULL),
(1356, 879, 8, 2, '2024-02-02 16:09:34', NULL),
(1357, 879, 9, 2, '2024-02-02 16:09:34', NULL),
(1358, 879, 10, 2, '2024-02-02 16:09:34', NULL),
(1359, 880, 1, 1, '2024-02-02 16:09:50', '2024-02-02 16:17:55'),
(1360, 880, 2, 1, '2024-02-02 16:09:50', '2024-02-02 16:22:00'),
(1361, 880, 3, 1, '2024-02-02 16:09:50', '2024-02-02 16:24:54'),
(1362, 880, 4, 2, '2024-02-02 16:09:50', NULL),
(1363, 880, 5, 2, '2024-02-02 16:09:50', NULL),
(1364, 880, 6, 2, '2024-02-02 16:09:50', NULL),
(1365, 880, 7, 2, '2024-02-02 16:09:50', NULL),
(1366, 880, 8, 2, '2024-02-02 16:09:50', NULL),
(1367, 880, 9, 2, '2024-02-02 16:09:50', NULL),
(1368, 880, 10, 2, '2024-02-02 16:09:50', NULL),
(1369, 884, 1, 2, '2024-02-02 16:10:00', NULL),
(1370, 884, 2, 2, '2024-02-02 16:10:00', NULL),
(1371, 884, 3, 2, '2024-02-02 16:10:00', NULL),
(1372, 884, 4, 2, '2024-02-02 16:10:00', NULL),
(1373, 884, 5, 2, '2024-02-02 16:10:00', NULL),
(1374, 884, 6, 2, '2024-02-02 16:10:00', NULL),
(1375, 884, 7, 2, '2024-02-02 16:10:00', NULL),
(1376, 884, 8, 2, '2024-02-02 16:10:00', NULL),
(1377, 884, 9, 2, '2024-02-02 16:10:00', NULL),
(1378, 884, 10, 2, '2024-02-02 16:10:00', NULL),
(1379, 886, 1, 1, '2024-02-02 16:10:39', '2024-02-02 16:14:40'),
(1380, 886, 2, 1, '2024-02-02 16:10:39', '2024-02-02 16:16:40'),
(1381, 886, 3, 1, '2024-02-02 16:10:39', '2024-02-02 16:21:03'),
(1382, 886, 4, 1, '2024-02-02 16:10:39', '2024-02-02 16:22:14'),
(1383, 886, 5, 1, '2024-02-02 16:10:39', '2024-02-02 16:25:02'),
(1384, 886, 6, 2, '2024-02-02 16:10:39', NULL),
(1385, 886, 7, 2, '2024-02-02 16:10:39', NULL),
(1386, 886, 8, 2, '2024-02-02 16:10:39', NULL),
(1387, 886, 9, 2, '2024-02-02 16:10:39', NULL),
(1388, 886, 10, 2, '2024-02-02 16:10:39', NULL),
(1389, 889, 1, 1, '2024-02-02 16:12:31', '2024-02-02 16:16:18'),
(1390, 889, 2, 1, '2024-02-02 16:12:31', '2024-02-02 16:19:13'),
(1391, 889, 3, 1, '2024-02-02 16:12:31', '2024-02-02 16:23:45'),
(1392, 889, 4, 1, '2024-02-02 16:12:31', '2024-02-02 16:23:55'),
(1393, 889, 5, 1, '2024-02-02 16:12:31', '2024-02-02 16:24:06'),
(1394, 889, 6, 2, '2024-02-02 16:12:31', NULL),
(1395, 889, 7, 2, '2024-02-02 16:12:31', NULL),
(1396, 889, 8, 2, '2024-02-02 16:12:31', NULL),
(1397, 889, 9, 2, '2024-02-02 16:12:31', NULL),
(1398, 889, 10, 2, '2024-02-02 16:12:31', NULL),
(1399, 890, 1, 2, '2024-02-02 16:28:43', NULL),
(1400, 890, 2, 2, '2024-02-02 16:28:43', NULL),
(1401, 890, 3, 2, '2024-02-02 16:28:43', NULL),
(1402, 890, 4, 2, '2024-02-02 16:28:43', NULL),
(1403, 890, 5, 2, '2024-02-02 16:28:43', NULL),
(1404, 890, 6, 2, '2024-02-02 16:28:43', NULL),
(1405, 890, 7, 2, '2024-02-02 16:28:43', NULL),
(1406, 890, 8, 2, '2024-02-02 16:28:43', NULL),
(1407, 890, 9, 2, '2024-02-02 16:28:43', NULL),
(1408, 890, 10, 2, '2024-02-02 16:28:43', NULL),
(1409, 891, 1, 1, '2024-02-02 16:29:36', '2024-02-02 16:32:09'),
(1410, 891, 2, 1, '2024-02-02 16:29:36', '2024-02-02 16:33:12'),
(1411, 891, 3, 1, '2024-02-02 16:29:36', '2024-02-02 16:34:13'),
(1412, 891, 4, 1, '2024-02-02 16:29:36', '2024-02-02 16:35:05'),
(1413, 891, 5, 1, '2024-02-02 16:29:36', '2024-02-02 16:35:30'),
(1414, 891, 6, 1, '2024-02-02 16:29:36', '2024-02-02 16:37:14'),
(1415, 891, 7, 1, '2024-02-02 16:29:36', '2024-02-02 16:41:13'),
(1416, 891, 8, 1, '2024-02-02 16:29:36', '2024-02-02 16:42:25'),
(1417, 891, 9, 1, '2024-02-02 16:29:36', '2024-02-02 16:46:18'),
(1418, 891, 10, 2, '2024-02-02 16:29:36', NULL),
(1419, 893, 1, 2, '2024-02-02 16:30:36', NULL),
(1420, 893, 2, 2, '2024-02-02 16:30:36', NULL),
(1421, 893, 3, 2, '2024-02-02 16:30:36', NULL),
(1422, 893, 4, 2, '2024-02-02 16:30:36', NULL),
(1423, 893, 5, 2, '2024-02-02 16:30:36', NULL),
(1424, 893, 6, 2, '2024-02-02 16:30:36', NULL),
(1425, 893, 7, 2, '2024-02-02 16:30:36', NULL),
(1426, 893, 8, 2, '2024-02-02 16:30:36', NULL),
(1427, 893, 9, 2, '2024-02-02 16:30:36', NULL),
(1428, 893, 10, 2, '2024-02-02 16:30:36', NULL),
(1429, 894, 1, 2, '2024-02-02 16:31:06', NULL),
(1430, 894, 2, 2, '2024-02-02 16:31:06', NULL),
(1431, 894, 3, 2, '2024-02-02 16:31:06', NULL),
(1432, 894, 4, 2, '2024-02-02 16:31:06', NULL),
(1433, 894, 5, 2, '2024-02-02 16:31:06', NULL),
(1434, 894, 6, 2, '2024-02-02 16:31:06', NULL),
(1435, 894, 7, 2, '2024-02-02 16:31:06', NULL),
(1436, 894, 8, 2, '2024-02-02 16:31:06', NULL),
(1437, 894, 9, 2, '2024-02-02 16:31:06', NULL),
(1438, 894, 10, 2, '2024-02-02 16:31:06', NULL),
(1439, 896, 1, 2, '2024-02-02 16:39:48', NULL),
(1440, 896, 2, 2, '2024-02-02 16:39:48', NULL),
(1441, 896, 3, 2, '2024-02-02 16:39:48', NULL),
(1442, 896, 4, 2, '2024-02-02 16:39:48', NULL),
(1443, 896, 5, 2, '2024-02-02 16:39:48', NULL),
(1444, 896, 6, 2, '2024-02-02 16:39:48', NULL),
(1445, 896, 7, 2, '2024-02-02 16:39:48', NULL),
(1446, 896, 8, 2, '2024-02-02 16:39:48', NULL),
(1447, 896, 9, 2, '2024-02-02 16:39:48', NULL),
(1448, 896, 10, 2, '2024-02-02 16:39:48', NULL),
(1449, 897, 1, 2, '2024-02-02 16:41:59', NULL),
(1450, 897, 2, 2, '2024-02-02 16:41:59', NULL),
(1451, 897, 3, 2, '2024-02-02 16:41:59', NULL),
(1452, 897, 4, 2, '2024-02-02 16:41:59', NULL),
(1453, 897, 5, 2, '2024-02-02 16:41:59', NULL),
(1454, 897, 6, 2, '2024-02-02 16:41:59', NULL),
(1455, 897, 7, 2, '2024-02-02 16:41:59', NULL),
(1456, 897, 8, 2, '2024-02-02 16:41:59', NULL),
(1457, 897, 9, 2, '2024-02-02 16:41:59', NULL),
(1458, 897, 10, 2, '2024-02-02 16:41:59', NULL),
(1459, 898, 1, 2, '2024-02-02 16:47:42', NULL),
(1460, 898, 2, 2, '2024-02-02 16:47:42', NULL),
(1461, 898, 3, 2, '2024-02-02 16:47:42', NULL),
(1462, 898, 4, 2, '2024-02-02 16:47:42', NULL),
(1463, 898, 5, 2, '2024-02-02 16:47:42', NULL),
(1464, 898, 6, 2, '2024-02-02 16:47:42', NULL),
(1465, 898, 7, 2, '2024-02-02 16:47:42', NULL),
(1466, 898, 8, 2, '2024-02-02 16:47:42', NULL),
(1467, 898, 9, 2, '2024-02-02 16:47:42', NULL),
(1468, 898, 10, 2, '2024-02-02 16:47:42', NULL),
(1469, 900, 1, 1, '2024-02-03 12:25:39', '2024-02-03 12:30:11'),
(1470, 900, 2, 1, '2024-02-03 12:25:39', '2024-02-03 12:31:02'),
(1471, 900, 3, 1, '2024-02-03 12:25:39', '2024-02-03 12:36:08'),
(1472, 900, 4, 1, '2024-02-03 12:25:39', '2024-02-03 12:36:52'),
(1473, 900, 5, 1, '2024-02-03 12:25:39', '2024-02-03 12:37:01'),
(1474, 900, 6, 1, '2024-02-03 12:25:39', '2024-02-03 12:45:42'),
(1475, 900, 7, 1, '2024-02-03 12:25:39', '2024-02-03 12:52:35'),
(1476, 900, 8, 1, '2024-02-03 12:25:39', '2024-02-03 12:55:33'),
(1477, 900, 9, 1, '2024-02-03 12:25:39', '2024-02-03 13:02:44'),
(1478, 900, 10, 2, '2024-02-03 12:25:39', NULL),
(1479, 901, 1, 1, '2024-02-03 12:36:06', '2024-02-03 12:36:15'),
(1480, 901, 2, 1, '2024-02-03 12:36:06', '2024-02-03 12:37:05'),
(1481, 901, 3, 1, '2024-02-03 12:36:06', '2024-02-03 12:38:13'),
(1482, 901, 4, 1, '2024-02-03 12:36:06', '2024-02-03 12:38:28'),
(1483, 901, 5, 1, '2024-02-03 12:36:06', '2024-02-03 12:43:28'),
(1484, 901, 6, 1, '2024-02-03 12:36:06', '2024-02-03 12:46:50'),
(1485, 901, 7, 1, '2024-02-03 12:36:06', '2024-02-03 12:52:10'),
(1486, 901, 8, 1, '2024-02-03 12:36:06', '2024-02-03 12:54:11'),
(1487, 901, 9, 1, '2024-02-03 12:36:06', '2024-02-03 12:55:45'),
(1488, 901, 10, 2, '2024-02-03 12:36:06', NULL),
(1489, 903, 1, 1, '2024-02-03 12:57:19', '2024-02-03 13:05:06'),
(1490, 903, 2, 1, '2024-02-03 12:57:19', '2024-02-03 13:08:14'),
(1491, 903, 3, 1, '2024-02-03 12:57:19', '2024-02-03 13:10:20'),
(1492, 903, 4, 1, '2024-02-03 12:57:19', '2024-02-03 13:11:14'),
(1493, 903, 5, 1, '2024-02-03 12:57:19', '2024-02-03 13:14:14'),
(1494, 903, 6, 1, '2024-02-03 12:57:19', '2024-02-03 13:18:14'),
(1495, 903, 7, 1, '2024-02-03 12:57:19', '2024-02-03 13:26:33'),
(1496, 903, 8, 1, '2024-02-03 12:57:19', '2024-02-03 13:32:24'),
(1497, 903, 9, 1, '2024-02-03 12:57:19', '2024-02-03 13:39:01'),
(1498, 903, 10, 2, '2024-02-03 12:57:19', NULL),
(1499, 906, 1, 1, '2024-02-03 13:38:20', '2024-02-03 13:38:29'),
(1500, 906, 2, 1, '2024-02-03 13:38:20', '2024-02-03 13:39:38'),
(1501, 906, 3, 1, '2024-02-03 13:38:20', '2024-02-03 13:42:45'),
(1502, 906, 4, 1, '2024-02-03 13:38:20', '2024-02-03 13:43:41'),
(1503, 906, 5, 1, '2024-02-03 13:38:20', '2024-02-03 13:48:15'),
(1504, 906, 6, 1, '2024-02-03 13:38:20', '2024-02-03 13:51:40'),
(1505, 906, 7, 1, '2024-02-03 13:38:20', '2024-02-03 14:01:12'),
(1506, 906, 8, 1, '2024-02-03 13:38:20', '2024-02-03 14:09:04'),
(1507, 906, 9, 1, '2024-02-03 13:38:20', '2024-02-03 14:14:21'),
(1508, 906, 10, 2, '2024-02-03 13:38:20', NULL),
(1509, 907, 1, 2, '2024-02-03 15:04:03', NULL),
(1510, 907, 2, 2, '2024-02-03 15:04:03', NULL),
(1511, 907, 3, 2, '2024-02-03 15:04:03', NULL),
(1512, 907, 4, 2, '2024-02-03 15:04:03', NULL),
(1513, 907, 5, 2, '2024-02-03 15:04:03', NULL),
(1514, 907, 6, 2, '2024-02-03 15:04:03', NULL),
(1515, 907, 7, 2, '2024-02-03 15:04:03', NULL),
(1516, 907, 8, 2, '2024-02-03 15:04:03', NULL),
(1517, 907, 9, 2, '2024-02-03 15:04:03', NULL),
(1518, 907, 10, 2, '2024-02-03 15:04:03', NULL),
(1519, 909, 1, 1, '2024-02-03 15:04:32', '2024-02-03 15:06:29'),
(1520, 909, 2, 1, '2024-02-03 15:04:32', '2024-02-03 15:08:23'),
(1521, 909, 3, 1, '2024-02-03 15:04:32', '2024-02-03 15:14:32'),
(1522, 909, 4, 1, '2024-02-03 15:04:32', '2024-02-03 15:14:55'),
(1523, 909, 5, 2, '2024-02-03 15:04:32', NULL),
(1524, 909, 6, 2, '2024-02-03 15:04:32', NULL),
(1525, 909, 7, 2, '2024-02-03 15:04:32', NULL),
(1526, 909, 8, 2, '2024-02-03 15:04:32', NULL),
(1527, 909, 9, 2, '2024-02-03 15:04:32', NULL),
(1528, 909, 10, 2, '2024-02-03 15:04:32', NULL),
(1529, 910, 1, 1, '2024-02-03 15:04:50', '2024-02-03 15:08:37'),
(1530, 910, 2, 1, '2024-02-03 15:04:50', '2024-02-03 15:09:14'),
(1531, 910, 3, 1, '2024-02-03 15:04:50', '2024-02-03 15:12:40'),
(1532, 910, 4, 1, '2024-02-03 15:04:50', '2024-02-03 15:13:32'),
(1533, 910, 5, 1, '2024-02-03 15:04:50', '2024-02-03 15:16:43'),
(1534, 910, 6, 1, '2024-02-03 15:04:50', '2024-02-03 15:18:56'),
(1535, 910, 7, 1, '2024-02-03 15:04:50', '2024-02-03 15:22:07'),
(1536, 910, 8, 1, '2024-02-03 15:04:50', '2024-02-03 15:25:08'),
(1537, 910, 9, 1, '2024-02-03 15:04:50', '2024-02-03 15:28:29'),
(1538, 910, 10, 2, '2024-02-03 15:04:50', NULL),
(1539, 912, 1, 1, '2024-02-03 15:48:37', '2024-02-03 15:50:12'),
(1540, 912, 2, 1, '2024-02-03 15:48:37', '2024-02-03 15:51:11'),
(1541, 912, 3, 1, '2024-02-03 15:48:37', '2024-02-03 15:53:48'),
(1542, 912, 4, 1, '2024-02-03 15:48:37', '2024-02-03 15:54:20'),
(1543, 912, 5, 1, '2024-02-03 15:48:37', '2024-02-03 15:59:08'),
(1544, 912, 6, 1, '2024-02-03 15:48:37', '2024-02-03 16:01:51'),
(1545, 912, 7, 1, '2024-02-03 15:48:37', '2024-02-03 16:07:25'),
(1546, 912, 8, 1, '2024-02-03 15:48:37', '2024-02-03 16:11:59'),
(1547, 912, 9, 1, '2024-02-03 15:48:37', '2024-02-03 16:16:29'),
(1548, 912, 10, 2, '2024-02-03 15:48:37', NULL),
(1549, 914, 1, 2, '2024-03-11 12:35:45', NULL),
(1550, 914, 2, 2, '2024-03-11 12:35:45', NULL),
(1551, 914, 3, 2, '2024-03-11 12:35:45', NULL),
(1552, 914, 4, 2, '2024-03-11 12:35:45', NULL),
(1553, 914, 5, 2, '2024-03-11 12:35:45', NULL),
(1554, 914, 6, 2, '2024-03-11 12:35:45', NULL),
(1555, 914, 7, 2, '2024-03-11 12:35:45', NULL),
(1556, 914, 8, 2, '2024-03-11 12:35:45', NULL),
(1557, 914, 9, 2, '2024-03-11 12:35:45', NULL),
(1558, 914, 10, 2, '2024-03-11 12:35:45', NULL),
(1559, 967, 1, 1, '2024-03-12 12:44:19', '2024-03-12 12:44:58'),
(1560, 967, 2, 1, '2024-03-12 12:44:19', '2024-03-12 12:46:58'),
(1561, 967, 3, 2, '2024-03-12 12:44:19', NULL),
(1562, 967, 4, 2, '2024-03-12 12:44:19', NULL),
(1563, 967, 5, 2, '2024-03-12 12:44:19', NULL),
(1564, 967, 6, 2, '2024-03-12 12:44:19', NULL),
(1565, 967, 7, 2, '2024-03-12 12:44:19', NULL),
(1566, 967, 8, 2, '2024-03-12 12:44:19', NULL),
(1567, 967, 9, 2, '2024-03-12 12:44:19', NULL),
(1568, 967, 10, 2, '2024-03-12 12:44:19', NULL),
(1569, 968, 1, 2, '2024-03-12 12:44:52', NULL),
(1570, 968, 2, 2, '2024-03-12 12:44:52', NULL),
(1571, 968, 3, 2, '2024-03-12 12:44:52', NULL),
(1572, 968, 4, 2, '2024-03-12 12:44:52', NULL),
(1573, 968, 5, 2, '2024-03-12 12:44:52', NULL),
(1574, 968, 6, 2, '2024-03-12 12:44:52', NULL),
(1575, 968, 7, 2, '2024-03-12 12:44:52', NULL),
(1576, 968, 8, 2, '2024-03-12 12:44:52', NULL),
(1577, 968, 9, 2, '2024-03-12 12:44:52', NULL),
(1578, 968, 10, 2, '2024-03-12 12:44:52', NULL);

-- --------------------------------------------------------

--
-- Table structure for table `hint`
--

CREATE TABLE IF NOT EXISTS `hint` (
  `id` int(11) NOT NULL AUTO_INCREMENT,
  `idChallenge` int(11) NOT NULL,
  `formation` varchar(10) NOT NULL,
  `hint` varchar(1000) NOT NULL,
  `challengeName` varchar(150) NOT NULL,
  PRIMARY KEY (`id`)
) ENGINE=InnoDB AUTO_INCREMENT=38 DEFAULT CHARSET=utf8mb4 COLLATE=utf8mb4_general_ci;

--
-- Dumping data for table `hint`
--

INSERT INTO `hint` (`id`, `idChallenge`, `formation`, `hint`, `challengeName`) VALUES
(27, 1, 'LYCEE', 'L\' Empereur  de Rome Jules Csar avait l\'habitude de chiffrer toutes ses communications  avec les gnraux de ses armes. Le code sappelle maintenant le code cesar Il consiste  dcaler tous lalphabet de 3 lettres. mais il y a des variantes \nA vous de trouvez.  \n', 'Salade Cesar (fwuo x)'),
(28, 3, 'LYCEE', 'Le Flag prcdent tait aussi un indice pour trouver le prochain flag.Enregistrez limage trouve dans le dossier college/escapeGame/ .Une image peut cacher du texte .Pour lextraire il faut utiliser la commande suivante:\n steghide extract -sf locked.jpg. \nLa commande se lance dans un terminal.\n', 'Steghide'),
(30, 4, 'LYCEE', 'Le Flag prcdent tait aussi un indice pour CALCULER  le prochain flag.\n', '1,2,3,Soleil'),
(31, 5, 'LYCEE', 'Le code Morse est utilis depuis la nuit des temps pour communiquer sur des longues distances. Saviez-vous que l\'on peut utiliser avec : \n-des signaux de fume\n-des signaux de lumire\n-des ondes RADIOS \n\n-des signaux de fume\n-des signaux de lumire\n-des ondes RADIOS \n\n-des signaux de fume\n-des signaux de lumire -\n-des ondes RADIOS \n', 'Code Morse'),
(32, 6, 'LYCEE', 'Allez dans le dossier Memory avec la commande cd memory puis lancer le jeu avec ./compile\n', 'Memory'),
(33, 7, 'LYCEE', 'Allez dans le dossier Pendu avec la commande cd ../Pendu  puis lancer le jeu avec ./pendu.sh\n', 'Pendu'),
(34, 8, 'LYCEE', 'Allez dans le dossier Mail avec la commande cd ../mail  . Votre mission va tre de dtecter parmi ces mails douteux de phishing celui qui est fiable. Le flag est la signature de l\'expditeur.', 'Phishing'),
(35, 9, 'LYCEE', 'http://10.122.13.224/ENIGMAHACK/Project/secret.php', 'Rebus'),
(36, 2, 'LYCEE', 'Le Flag prcdent tait aussi un indice pour trouver le prochain flag.\r\n', 'code source');

-- --------------------------------------------------------

--
-- Table structure for table `team`
--

CREATE TABLE IF NOT EXISTS `team` (
  `id` int(11) NOT NULL AUTO_INCREMENT,
  `formation` varchar(10) NOT NULL,
  `teamName` varchar(100) NOT NULL,
  `pwdHash` varchar(500) NOT NULL,
  PRIMARY KEY (`id`),
  UNIQUE KEY `teamName` (`teamName`)
) ENGINE=InnoDB AUTO_INCREMENT=971 DEFAULT CHARSET=utf8mb4 COLLATE=utf8mb4_general_ci;

--
-- Dumping data for table `team`
--

INSERT INTO `team` (`id`, `formation`, `teamName`, `pwdHash`) VALUES
(3, 'admin', 'lukas', 'f017527470dbbe0e6f3bcfd12ef43ad4add4e04f9d0e7db76331799620fd2ec6'),
(276, 'LYCEE', 'toto', 'f017527470dbbe0e6f3bcfd12ef43ad4add4e04f9d0e7db76331799620fd2ec6'),
(277, 'toto', 'conte', '042ca02d55e01912cd777ca8b4bbf4435f0b1cf4ee2768800b71e4a7f7a218c7'),
(279, 'LYCEE', 'soulage', '042ca02d55e01912cd777ca8b4bbf4435f0b1cf4ee2768800b71e4a7f7a218c7'),
(282, 'LYCEE', 'caca', 'ad3e92c11345aba64833bd94e2de489e04022e149b5a4b2f67e155a13b8d820f'),
(292, 'LYCEE', 'tutu', 'f017527470dbbe0e6f3bcfd12ef43ad4add4e04f9d0e7db76331799620fd2ec6'),
(293, 'LYCEE', 'chatfluo', '84d2f6ecdf5e84e8b19f267c4cf912c2ca2a2bd3ffc670f4f632b3ceac50ec1b'),
(299, 'LYCEE', 'El maghreb', 'f7a8244fb762fda5c35215ceb1d08dc83f0cbe687c4552373081de9fd0c315ab'),
(305, 'LYCEE', 'lana', 'cc0c5fe19127c46c8164b0aee44bf47a1696099d835b9ebc0ed255a0e2b95754'),
(314, 'LYCEE', 'jtmjeremy', 'b2bcca7a2eacd6a03ed4238daca564ff00c3c49eb303e0def3efb7730240c240'),
(319, 'LYCEE', '123', '8464dc16634bb05c5febf131101524da3f64201ed3a7c4b7ddcef1985ea1edb2'),
(320, 'LYCEE', 'smile', '704c32fbb79091b74ae8e349e4e28e7e101df862b3e1cd755887ee9a96b68232'),
(338, 'LYCEE', 'ST', '2d161f34f3dba7b2bc6d061e7d31767f838e960f06ed74638140b31793e47dad'),
(341, 'LYCEE', 'evan', '704c32fbb79091b74ae8e349e4e28e7e101df862b3e1cd755887ee9a96b68232'),
(352, 'LYCEE', 'mgs', '704c32fbb79091b74ae8e349e4e28e7e101df862b3e1cd755887ee9a96b68232'),
(355, 'LYCEE', 'mdl', '704c32fbb79091b74ae8e349e4e28e7e101df862b3e1cd755887ee9a96b68232'),
(359, 'LYCEE', 'abc', '8cfd2636bef142e32d186f943776bb19b9bf359da76a2ba0ab5806c30b05dffa'),
(392, 'LYCEE', 'mld', '704c32fbb79091b74ae8e349e4e28e7e101df862b3e1cd755887ee9a96b68232'),
(406, 'LYCEE ', 'gg', 'b3a64139a15f3a551ea6040845c2420765a104260633541faba94861873eaa87'),
(410, 'LYCEE', 'mk', '704c32fbb79091b74ae8e349e4e28e7e101df862b3e1cd755887ee9a96b68232'),
(448, 'LYCEE', 'bobo', 'f017527470dbbe0e6f3bcfd12ef43ad4add4e04f9d0e7db76331799620fd2ec6'),
(454, 'Lyce', 'Bellsha', 'deaf55e1bf7b58cef7cd097f0824d3102e6e7719af2fef4ada9294aaf4a654cf'),
(468, 'LYCEE', 'belle', '704c32fbb79091b74ae8e349e4e28e7e101df862b3e1cd755887ee9a96b68232'),
(477, 'LYCEE', 'titi', 'd357ab9549c4478519c8c740677b91eb9743bbe77323ee0d7a2fd02d6a1f4612'),
(479, 'LYCEE', 'chatmignon', 'd073b8caef98b369ea3f3bdd2d5c2c80bb5bd28a9a1ee8321ff5dd51e24afe1b'),
(482, 'LYCEE', 'CHATNB1', '0905c619c20b0f2652f1798350b7c103eb2b81e54297b495374801525051edb0'),
(483, 'LYCEE', '123456', 'f017527470dbbe0e6f3bcfd12ef43ad4add4e04f9d0e7db76331799620fd2ec6'),
(484, 'LYCEE', 'CHAT1', '4e2125d9eb3847ee2ce29902e960f88d47377b11d7c228cbe1719d3dadc7a11b'),
(485, 'LYCEE', 'MALI', 'd64998b4e1eb66edad1cade46ba4490f407bd0dff475eed5a679e579b03b5ed0'),
(489, 'LYCEE', 'kksnti', 'ff790bdf5d101318868b3b24ac21f3196421f48b61c192e65e77838543a2cb21'),
(493, 'LYCEE', 'CHAT2', '4e2125d9eb3847ee2ce29902e960f88d47377b11d7c228cbe1719d3dadc7a11b'),
(509, 'LYCEE', 'MERVEILLE', 'b614717919d6fb18adad06dc615501e9248693c768df3e849e132b548fb8c682'),
(510, 'LYCEE', 'dort', 'de2272c1fbd654a9facca3bd25acf1660d35fde23c5abd15c38ad41f2478cbc4'),
(511, 'LYCEE', 'LESSY', '589d65ca448df56960a267904fe50059fc98a005de9819614fb06d7d97185512'),
(513, 'LYCEE', 'BANANE', '0bcb0e7829f1b019f942b5b2f0a1c98482790b1126a1fa85383a63e999758eaf'),
(527, 'LYCEE', 'AXEL', '0e9d4857f098f62b57dbb73ac5ee92c372a280e630e8327ed3f8e3c155da282c'),
(540, 'LYCEE', 'CHAT3', '4e2125d9eb3847ee2ce29902e960f88d47377b11d7c228cbe1719d3dadc7a11b'),
(542, 'LYCEE', 'CHAT4', '4e2125d9eb3847ee2ce29902e960f88d47377b11d7c228cbe1719d3dadc7a11b'),
(543, 'LYCEE', 'CHAT5', '4e2125d9eb3847ee2ce29902e960f88d47377b11d7c228cbe1719d3dadc7a11b'),
(544, 'LYCEE', 'CHAT6', '4e2125d9eb3847ee2ce29902e960f88d47377b11d7c228cbe1719d3dadc7a11b'),
(545, 'LYCEE', 'chat36', 'f017527470dbbe0e6f3bcfd12ef43ad4add4e04f9d0e7db76331799620fd2ec6'),
(546, 'LYCEE', 'ROMENIA', 'cde9354200f8b28f62c2c2f4ba5aec77e3cfd1272d319c3007d7495a7f653bf5'),
(564, 'LYCEE', 'neckamimi', '136c7a8dddda643a0df46392727503a81cf0471df0dfeaf03a45f817788a5640'),
(624, 'LYCEE', 'famous', '0441a806ca3f9fe9bc8e7ea1203d66f672cdfd13dfdb7c3db37f260c55d43dd7'),
(629, 'LYCEE', 'Samiah', '5e40130a6a0cc80b810a355b545754d3c90cac16a996f684a39c88ee20b80a1f'),
(658, 'LYCEE', 'DOLARITHA', 'a17b711d9b2562a46729b0ded423585ce1f2b892c5f6919fd48cc55a7ab482c5'),
(674, 'LYCEE', 'CHAT7', '4e2125d9eb3847ee2ce29902e960f88d47377b11d7c228cbe1719d3dadc7a11b'),
(678, 'LYCEE', 'LEZIN', '12525aed2529eb58ed41eafbb4abb5c96bddd77361e6880e54d23a3a346d0b97'),
(679, 'LYCEE', 'bob', 'f017527470dbbe0e6f3bcfd12ef43ad4add4e04f9d0e7db76331799620fd2ec6'),
(680, 'LYCEE', 'CHAT8', '4e2125d9eb3847ee2ce29902e960f88d47377b11d7c228cbe1719d3dadc7a11b'),
(682, 'Gaston', 'IUT SR', '1cf60b0d8e74f58360710cf7d13540375b89124d94829ff9dd8a48491e50475d'),
(705, 'LYCEE', 'TOTO56', '1cf60b0d8e74f58360710cf7d13540375b89124d94829ff9dd8a48491e50475d'),
(714, 'LYCEE', 'CHAT9', '4e2125d9eb3847ee2ce29902e960f88d47377b11d7c228cbe1719d3dadc7a11b'),
(715, 'LYCEE', 'CHAT10', '4e2125d9eb3847ee2ce29902e960f88d47377b11d7c228cbe1719d3dadc7a11b'),
(717, 'LYCEE', 'CHAT11', '4e2125d9eb3847ee2ce29902e960f88d47377b11d7c228cbe1719d3dadc7a11b'),
(718, 'LYCEE', 'CHAT12', '4e2125d9eb3847ee2ce29902e960f88d47377b11d7c228cbe1719d3dadc7a11b'),
(720, 'LYCEE', 'CHAT13', '4e2125d9eb3847ee2ce29902e960f88d47377b11d7c228cbe1719d3dadc7a11b'),
(721, 'LYCEE', 'CHAT14', '4e2125d9eb3847ee2ce29902e960f88d47377b11d7c228cbe1719d3dadc7a11b'),
(722, 'LYCEE', 'CHAT16', '4e2125d9eb3847ee2ce29902e960f88d47377b11d7c228cbe1719d3dadc7a11b'),
(725, 'LYCEE', 'CHAT17', '4e2125d9eb3847ee2ce29902e960f88d47377b11d7c228cbe1719d3dadc7a11b'),
(727, 'LYCEE', 'CHAT18', '4e2125d9eb3847ee2ce29902e960f88d47377b11d7c228cbe1719d3dadc7a11b'),
(729, 'LYCEE', 'CHAT19', '4e2125d9eb3847ee2ce29902e960f88d47377b11d7c228cbe1719d3dadc7a11b'),
(731, 'LYCEE', 'TETE', '12525aed2529eb58ed41eafbb4abb5c96bddd77361e6880e54d23a3a346d0b97'),
(732, 'LYCEE', 'CHAT20', '4e2125d9eb3847ee2ce29902e960f88d47377b11d7c228cbe1719d3dadc7a11b'),
(734, 'LYCEE', 'chat21', 'f017527470dbbe0e6f3bcfd12ef43ad4add4e04f9d0e7db76331799620fd2ec6'),
(735, 'LYCEE', 'CHAT22', '4e2125d9eb3847ee2ce29902e960f88d47377b11d7c228cbe1719d3dadc7a11b'),
(738, 'LYCEE', 'chat26', 'f017527470dbbe0e6f3bcfd12ef43ad4add4e04f9d0e7db76331799620fd2ec6'),
(739, 'LYCEE', 'CHAT24', '4e2125d9eb3847ee2ce29902e960f88d47377b11d7c228cbe1719d3dadc7a11b'),
(740, 'LYCEE', 'chat28', 'f017527470dbbe0e6f3bcfd12ef43ad4add4e04f9d0e7db76331799620fd2ec6'),
(741, 'LYCEE', 'CHAT444', '4e2125d9eb3847ee2ce29902e960f88d47377b11d7c228cbe1719d3dadc7a11b'),
(742, 'LYCEE', 'chat59', 'f017527470dbbe0e6f3bcfd12ef43ad4add4e04f9d0e7db76331799620fd2ec6'),
(743, 'LYCEE', 'bob123', '704c32fbb79091b74ae8e349e4e28e7e101df862b3e1cd755887ee9a96b68232'),
(753, 'LYCEE', 'BOB22', 'd9863b524b68c9cc2c703859bd76214a73add1a6f919d452fa03cc1d1530ed37'),
(761, 'LYCEE', 'baba', '874ec0c36f28917a18d23d8c20e20670015316e61bddae0e825a6ccbad896202'),
(765, 'LYCEE', 'CHAT30', '4e2125d9eb3847ee2ce29902e960f88d47377b11d7c228cbe1719d3dadc7a11b'),
(766, 'LYCEE', 'chat63', 'f017527470dbbe0e6f3bcfd12ef43ad4add4e04f9d0e7db76331799620fd2ec6'),
(767, 'LYCEE', 'baba12', '7de57cd27f8d401f1934f4143f9eb8f267e11a6b9a9a4b56fc2b13b38e82cf11'),
(772, 'LYCEE', 'CHAT31', '4e2125d9eb3847ee2ce29902e960f88d47377b11d7c228cbe1719d3dadc7a11b'),
(775, 'LYCEE', 'chat67', 'f017527470dbbe0e6f3bcfd12ef43ad4add4e04f9d0e7db76331799620fd2ec6'),
(776, 'LYCEE', 'CHAT32', '4e2125d9eb3847ee2ce29902e960f88d47377b11d7c228cbe1719d3dadc7a11b'),
(781, 'LYCEE', 'chat69', 'f017527470dbbe0e6f3bcfd12ef43ad4add4e04f9d0e7db76331799620fd2ec6'),
(782, 'LYCEE', 'CHAT33', '4e2125d9eb3847ee2ce29902e960f88d47377b11d7c228cbe1719d3dadc7a11b'),
(784, 'LYCEE', 'baba56', '7fcc555354e99009c7402fcc8fd03eb45e9862ecc584dadd653cecbe345e21c7'),
(786, 'LYCEE', 'CHAT35', '4e2125d9eb3847ee2ce29902e960f88d47377b11d7c228cbe1719d3dadc7a11b'),
(787, 'LYCEE', 'chat75', 'f017527470dbbe0e6f3bcfd12ef43ad4add4e04f9d0e7db76331799620fd2ec6'),
(791, 'LYCEE', 'CHAT38', '4e2125d9eb3847ee2ce29902e960f88d47377b11d7c228cbe1719d3dadc7a11b'),
(796, 'LYCEE', 'CHAT39', '4e2125d9eb3847ee2ce29902e960f88d47377b11d7c228cbe1719d3dadc7a11b'),
(799, 'LYCEE', 'bobo22', '704c32fbb79091b74ae8e349e4e28e7e101df862b3e1cd755887ee9a96b68232'),
(803, 'LYCEE', 'CHAT40', '4e2125d9eb3847ee2ce29902e960f88d47377b11d7c228cbe1719d3dadc7a11b'),
(805, 'LYCEE', 'CHAT41', '4e2125d9eb3847ee2ce29902e960f88d47377b11d7c228cbe1719d3dadc7a11b'),
(807, 'LYCEE', 'CHAT42', '4e2125d9eb3847ee2ce29902e960f88d47377b11d7c228cbe1719d3dadc7a11b'),
(810, 'LYCEE', 'CHAT43', '4e2125d9eb3847ee2ce29902e960f88d47377b11d7c228cbe1719d3dadc7a11b'),
(812, 'LYCEE', 'CHAT999', '4e2125d9eb3847ee2ce29902e960f88d47377b11d7c228cbe1719d3dadc7a11b'),
(814, 'LYCEE', 'CHAT51', '4e2125d9eb3847ee2ce29902e960f88d47377b11d7c228cbe1719d3dadc7a11b'),
(817, 'LYCEE', 'CHAT987', '4e2125d9eb3847ee2ce29902e960f88d47377b11d7c228cbe1719d3dadc7a11b'),
(819, 'LYCEE', 'chat654', '4e2125d9eb3847ee2ce29902e960f88d47377b11d7c228cbe1719d3dadc7a11b'),
(821, 'LYCEE', 'chat255', 'f017527470dbbe0e6f3bcfd12ef43ad4add4e04f9d0e7db76331799620fd2ec6'),
(822, 'LYCEE', 'chat56', '4e2125d9eb3847ee2ce29902e960f88d47377b11d7c228cbe1719d3dadc7a11b'),
(823, 'LYCEE', 'AZERTY', '3a1cd707d8553ba58664169525bfd30217e529e4a344a0fead9fba7aefa1d644'),
(828, 'LYCEE', 'aert', '3a1cd707d8553ba58664169525bfd30217e529e4a344a0fead9fba7aefa1d644'),
(834, 'LYCEE', 'toto123456', 'f017527470dbbe0e6f3bcfd12ef43ad4add4e04f9d0e7db76331799620fd2ec6'),
(836, 'LYCEE', 'lolol', 'fde034e03be621d94c2b4c1f07f7d71776862a973ba38144a70c90f425c6e73d'),
(840, 'LYCEE', 'CHAT9999', 'f362fabba74295cbfa044bbef149ccc2cc44c57c57d8b70bc6d2037d13e24987'),
(843, 'LYCEE', ' chat639', 'f017527470dbbe0e6f3bcfd12ef43ad4add4e04f9d0e7db76331799620fd2ec6'),
(844, 'LYCEE', 'chat100', 'f017527470dbbe0e6f3bcfd12ef43ad4add4e04f9d0e7db76331799620fd2ec6'),
(845, 'LYCEE', 'CHAT87', '4e2125d9eb3847ee2ce29902e960f88d47377b11d7c228cbe1719d3dadc7a11b'),
(847, 'LYCEE', 'CHAT456', '4e2125d9eb3847ee2ce29902e960f88d47377b11d7c228cbe1719d3dadc7a11b'),
(850, 'LYCEE', 'CHIEN1', '12525aed2529eb58ed41eafbb4abb5c96bddd77361e6880e54d23a3a346d0b97'),
(851, 'LYCEE', 'gugu', '51e5996837113fce1b64b6ea6b27367850c4c101f30ece5d23f43566f1a30da8'),
(854, 'LYCEE', 'kaxi', 'b4a114b97bff154ff5b8589e1e40a42c5b7fe2726920fa4751b7d415f4c6b79b'),
(857, 'LYCEE', 'YOYO', '704c32fbb79091b74ae8e349e4e28e7e101df862b3e1cd755887ee9a96b68232'),
(862, 'LYCEE', 'money', 'f362fabba74295cbfa044bbef149ccc2cc44c57c57d8b70bc6d2037d13e24987'),
(865, 'LYCEE', 'CHAT57', '4e2125d9eb3847ee2ce29902e960f88d47377b11d7c228cbe1719d3dadc7a11b'),
(866, 'LYCEE', 'CHAT101', '4e2125d9eb3847ee2ce29902e960f88d47377b11d7c228cbe1719d3dadc7a11b'),
(869, 'LYCEE', 'CHAT1234', '12525aed2529eb58ed41eafbb4abb5c96bddd77361e6880e54d23a3a346d0b97'),
(872, 'LYCEE', 'blabla', '3534c559739cb318dd18034e8ca64bdc5e29a783ee01fecc21de7b1a692902ce'),
(874, 'LYCEE', 'CHAT102', '4e2125d9eb3847ee2ce29902e960f88d47377b11d7c228cbe1719d3dadc7a11b'),
(877, 'LYCEE', 'CHAT158', '12525aed2529eb58ed41eafbb4abb5c96bddd77361e6880e54d23a3a346d0b97'),
(879, 'LYCEE', 'CHAT666', '12525aed2529eb58ed41eafbb4abb5c96bddd77361e6880e54d23a3a346d0b97'),
(880, 'LYCEE', 'crouton', 'e0239505ac5df3c7375405db2229bb36921bfe80cb3bec6cb033fee05f72279d'),
(884, 'LYCEE', 'CHAT103', '4e2125d9eb3847ee2ce29902e960f88d47377b11d7c228cbe1719d3dadc7a11b'),
(886, 'LYCEE', 'fe', 'acb2e1caa6bc9c31c545871f64d983e07a4f5e569ac1cfbac7ff004590b6161c'),
(889, 'LYCEE', 'pornhub', 'f017527470dbbe0e6f3bcfd12ef43ad4add4e04f9d0e7db76331799620fd2ec6'),
(890, 'LYCEE', 'plopo', '105b7cc2c1c229c6d40a9c7c1cc1b6210d9e0ab7e2b81bbb74011bb4636411a8'),
(891, 'LYCEE', 'CHAT104', 'f362fabba74295cbfa044bbef149ccc2cc44c57c57d8b70bc6d2037d13e24987'),
(893, 'LYCEE', 'drole', '25d6b5e52575889b6846e0bda5a82dc53fdd8b117abd9a3a6ad450c96dc99628'),
(894, 'LYCEE', 'CHAT105', '4e2125d9eb3847ee2ce29902e960f88d47377b11d7c228cbe1719d3dadc7a11b'),
(896, 'LYCEE', 'CHAT106', '4e2125d9eb3847ee2ce29902e960f88d47377b11d7c228cbe1719d3dadc7a11b'),
(897, 'LYCEE', 'CHAT109', '4e2125d9eb3847ee2ce29902e960f88d47377b11d7c228cbe1719d3dadc7a11b'),
(898, 'LYCEE', 'CHAT10000', 'f8dd30458e13d871f81a0d2e4e39ec5c2fe0323cfc0846446e9da673722581a2'),
(900, 'LYCEE', 'none', 'b5158da1f048014a8cf3d6d7a5a5d3a7039b822246f9da4027afad4c74882d8e'),
(901, 'LYCEE', 'chat852', '4e2125d9eb3847ee2ce29902e960f88d47377b11d7c228cbe1719d3dadc7a11b'),
(903, 'LYCEE', 'chat482', '4e2125d9eb3847ee2ce29902e960f88d47377b11d7c228cbe1719d3dadc7a11b'),
(906, 'LYCEE', 'CHAT753', '4e2125d9eb3847ee2ce29902e960f88d47377b11d7c228cbe1719d3dadc7a11b'),
(907, 'LYCEE', 'crotte', '79f9bfc8b7e2ccc9f2447fb91a780ce73f3d9b1c5522caa2cee73c98fdc7f392'),
(909, 'LYCEE', 'ellyam', '12525aed2529eb58ed41eafbb4abb5c96bddd77361e6880e54d23a3a346d0b97'),
(910, 'LYCEE', 'lapin', '7cc73ee9f705040f0103a57aea810dfe9cf4c6d1fdd2d9af346c90002ac34a7b'),
(912, 'LYCEE', 'compte123', '4e2125d9eb3847ee2ce29902e960f88d47377b11d7c228cbe1719d3dadc7a11b'),
(914, 'LYCEE', 'toto1234', 'f017527470dbbe0e6f3bcfd12ef43ad4add4e04f9d0e7db76331799620fd2ec6'),
(918, 'IUT', 'POWERS RANGERS', 'd2dca6cd89d1e4f99c3002cb03eb81f8fe039cb3c0d3e9d4f1423f425539264c'),
(924, 'iut', 'simon', '624c43d53ad70ae7f854955ea768ea9c3967b554fb2632e7483285257e16ae3d'),
(953, 'IUT', 'iam', 'acb07d6a834be640c7bb11f30b8bd33ab427bc7ac984d94e662bdd5b351a19ec'),
(967, 'LYCEE', 'totoazerty', 'f017527470dbbe0e6f3bcfd12ef43ad4add4e04f9d0e7db76331799620fd2ec6'),
(968, 'LYCEE ', 'Anouche ', '941dab9df0496159ad2fb05fceb89e1be9b3f77079e5742f4cfa8825ad9909fc');

-- --------------------------------------------------------

--
-- Table structure for table `verifyChallenge`
--

CREATE TABLE IF NOT EXISTS `verifyChallenge` (
  `id` int(11) NOT NULL AUTO_INCREMENT,
  `idChallenge` int(11) NOT NULL,
  `flagHash` varchar(500) NOT NULL,
  PRIMARY KEY (`id`)
) ENGINE=InnoDB AUTO_INCREMENT=48 DEFAULT CHARSET=utf8mb4 COLLATE=utf8mb4_general_ci;

--
-- Dumping data for table `verifyChallenge`
--

INSERT INTO `verifyChallenge` (`id`, `idChallenge`, `flagHash`) VALUES
(20, 1, '5117a8a78f02ecea25a563c4e5633baf2ae864e5e6bf43dea283b6e577f3f31d'),
(30, 4, 'ef0ba8a5aeb0a8bcbf5ee700c1972ca60a78b5d875b78fa2e97106bc2ed1ceee'),
(31, 5, '4929a645df1c6bf09e3c36ef4ee9774f41e50dc2e4a2871d15c1824f89fc1444'),
(40, 3, '3e90b8e9a8d4d772a08b61bdd06d170e9686b0e5fdae009c96632f3c7b6049ec'),
(41, 6, 'e9bbc3a36c7632fdd058bf2fd75a325a39f6cdfb093c5af17a2846fab06520ef'),
(44, 8, '7882bd59d71a163f8923668103677de575d2d4a5e920908233e946251300090f'),
(45, 7, '0986532041ec22216a6298712c7692f1ada1a82f912a09bec75ea73f57718b4b'),
(46, 9, 'ab45b1820cbe8554cc6d9f1e6d8421ec37db7a2b8284770319587985c78d7f7c'),
(47, 2, '2022d78df60f21b49a1535627e30557b692e73289def16a5c03d43b3969f182a');
COMMIT;

/*!40101 SET CHARACTER_SET_CLIENT=@OLD_CHARACTER_SET_CLIENT */;
/*!40101 SET CHARACTER_SET_RESULTS=@OLD_CHARACTER_SET_RESULTS */;
/*!40101 SET COLLATION_CONNECTION=@OLD_COLLATION_CONNECTION */;
